"Genus";"Species";"N_rings";"Mimicry_ring_1";"Mimicry_ring_2";"Mimicry_ring_3";"Mimicry_ring_4";"Mimicry_ring_5";"Mimicry_ring_6";"Mimicry_ring_7";"Mimicry_ring_8"
"Aeria";"elara";1;"EURIMEDIA";;;;;;;
"Aeria";"eurimedia";1;"EURIMEDIA";;;;;;;
"Aeria";"olena";1;"EURIMEDIA";;;;;;;
"Aremfoxia";"ferra";2;"MESTRA";"CONFUSA";;;;;;
"Athesis";"acrisione";2;"ACRISIONE";"CONFUSA";;;;;;
"Athesis";"clearista";1;"DILUCIDA";;;;;;;
"Athesis";"vitrala";1;"HEWITSONI";;;;;;;
"Athyrtis";"mechanitis";2;"HERMIAS";"ORESTES";;;;;;
"Brevioleria";"aelia";4;"ILLINISSA";"LERIDA";"AURELIANA";"SINILIA";;;;
"Brevioleria";"arzalia";2;"AGNOSIA";"AURELIANA";;;;;;
"Brevioleria";"coenina";1;"OZIA";;;;;;;
"Brevioleria";"seba";3;"LERIDA";"AGNOSIA";"AURELIANA";;;;;
"Callithomia";"alexirrhoe";3;"HERMIAS";"MAMERCUS";"MAELUS";;;;;
"Callithomia";"hezia";3;"MAMERCUS";"EXCELSA";"OCNA";;;;;
"Callithomia";"hydra";2;"EXCELSA";"MAMERCUS";;;;;;
"Callithomia";"lenea";5;"MAMERCUS";"DILUCIDA";"HERMIAS";"DOTO";"CONFUSA";;;
"Ceratinia";"cayana";1;"HERMIAS";;;;;;;
"Ceratinia";"iolaia";1;"HERMIAS";;;;;;;
"Ceratinia";"neso";6;"MAMERCUS";"DOTO";"HERMIAS";"DILUCIDA";"MAELUS";"ORESTES";;
"Ceratinia";"poecila";5;"MAMERCUS";"HERMIAS";"ORESTES";"MAELUS";"MOTHONE";;;
"Ceratinia";"tutia";3;"MAMERCUS";"HERMIAS";"MANTINEUS";;;;;
"Dircenna";"adina";8;"AGNOSIA";"OCNA";"OZIA";"LIBETHRIS";"DILUCIDA";"MESTRA";"CONFUSA";"HEWITSONI"
"Dircenna";"dero";4;"CONFUSA";"DILUCIDA";"DOTO";"MAMERCUS";;;;
"Dircenna";"jemina";3;"DILUCIDA";"POLITA";"MAMERCUS";;;;;
"Dircenna";"klugii";1;"DILUCIDA";;;;;;;
"Dircenna";"loreta";1;"CONFUSA";;;;;;;
"Dircenna";"olyras";3;"DILUCIDA";"EXCELSA";"MAMERCUS";;;;;
"Elzunia";"humboldt";2;"HUMBOLDT";"PAVONII";;;;;;
"Elzunia";"pavonii";1;"PAVONII";;;;;;;
"Episcada";"apuleia";2;"HEWITSONI";"PANTHYALE";;;;;;
"Episcada";"clausina";2;"EURIMEDIA";"LIBETHRIS";;;;;;
"Episcada";"doto";2;"DOTO";"EURIMEDIA";;;;;;
"Episcada";"hemixanthe";1;"HEMIXANTHE";;;;;;;
"Episcada";"hymen";1;"EURIMEDIA";;;;;;;
"Episcada";"hymenaea";4;"POLITA";"EURIMEDIA";"LERIDA";"LIBETHRIS";;;;
"Episcada";"mira";2;"LIBETHRIS";"AGNOSIA";;;;;;
"Episcada";"nsp1";2;"PANTHYALE";"OZIA";;;;;;
"Episcada";"nsp";1;"AGNOSIA";;;;;;;
"Episcada";"pichita";1;"LIBETHRIS";;;;;;;
"Episcada";"philoclea";1;"EURIMEDIA";;;;;;;
"Episcada";"polita";3;"POLITA";"LIBETHRIS";"AGNOSIA";;;;;
"Episcada";"salvinia";2;"AGNOSIA";"BANJANA-M";;;;;;
"Episcada";"striposis";1;"EURIMEDIA";;;;;;;
"Episcada";"sulphurea";1;"EURIMEDIA";;;;;;;
"Episcada";"sylpha";1;"POLITA";;;;;;;
"Episcada";"sylvo";1;"LERIDA";;;;;;;
"Episcada";"ticidella";2;"PANTHYALE";"TICIDAM";;;;;;
"Episcada";"trapezula";1;"LIBETHRIS";;;;;;;
"Episcada";"vitrea";1;"LERIDA";;;;;;;
"Episcada";"zajciwi";2;"HEMIXANTHE";"EURIMEDIA";;;;;;
"Epityches";"eupompe";1;"EURIMEDIA";;;;;;;
"Eutresis";"dilucida";1;"DILUCIDA";;;;;;;
"Eutresis";"hypereia";3;"DILUCIDA";"EXCELSA";"CONFUSA";;;;;
"Forbestra";"equicola";2;"MAMERCUS";"HERMIAS";;;;;;
"Forbestra";"olivencia";3;"ORESTES";"HERMIAS";"MAELUS";;;;;
"Forbestra";"proceris";1;"HERMIAS";;;;;;;
"Godyris";"crinippa";1;"PANTHYALE";;;;;;;
"Godyris";"dircenna";1;"CONFUSA";;;;;;;
"Godyris";"duillia";1;"DUILLIA";;;;;;;
"Godyris";"hewitsoni";2;"HEWITSONI";"PANTHYALE";;;;;;
"Godyris";"kedema";2;"DILUCIDA";"MAMERCUS";;;;;;
"Godyris";"lauta";2;"UMBROSA";"BANJANA-M";;;;;;
"Godyris";"nepos";1;"LIBETHRIS";;;;;;;
"Godyris";"nero";1;"AGNOSIA";;;;;;;
"Godyris";"panthyale";2;"PANTHYALE";"BANJANA-M";;;;;;
"Godyris";"sappho";2;"BANJANA-M";"PANTHYALE";;;;;;
"Godyris";"zavaleta";6;"DILUCIDA";"DOTO";"EURIMEDIA";"MAMERCUS";"HERMIAS";"EXCELSA";;
"Genus2";"andromica";1;"AGNOSIA";;;;;;;
"Genus2";"annette";1;"AGNOSIA";;;;;;;
"Greta";"clavijoi";1;"AGNOSIA";;;;;;;
"Greta";"cubana";1;"AGNOSIA";;;;;;;
"Greta";"diaphanus";1;"AGNOSIA";;;;;;;
"Greta";"morgane";2;"AGNOSIA";"LERIDA";;;;;;
"Genus1";"nsp1";1;"BANJANA-M";;;;;;;
"Haenschia";"derama";2;"LIBETHRIS";"AGNOSIA";;;;;;
"Haenschia";"sidonia";2;"OZIA";"AGNOSIA";;;;;;
"Heterosais";"edessa";1;"LERIDA";;;;;;;
"Heterosais";"giulia";3;"POLITA";"DILUCIDA";"LERIDA";;;;;
"Heterosais";"nephele";2;"LERIDA";"AGNOSIA";;;;;;
"Hyalenna";"alidella";5;"LIBETHRIS";"AGNOSIA";"DILUCIDA";"OZIA";"THABENA-F";;;
"Hyalenna";"buckleyi";1;"PANTHYALE";;;;;;;
"Hyalenna";"paradoxa";2;"BANJANA-M";"PANTHYALE";;;;;;
"Hyalenna";"pascua";1;"LERIDA";;;;;;;
"Hyalenna";"perasippa";1;"PANTHYALE";;;;;;;
"Hyalenna";"sulmona";3;"LIBETHRIS";"PANTHYALE";"TICIDAM";;;;;
"Hyalyris";"antea";4;"PRAXILLA";"MESTRA";"OCNA";"EURIMEDIA";;;;
"Hyalyris";"coeno";4;"OCNA";"OZIA";"MAMERCUS";"MESTRA";;;;
"Hyalyris";"excelsa";1;"EXCELSA";;;;;;;
"Hyalyris";"fiammetta";1;"LYSIMNIA";;;;;;;
"Hyalyris";"juninensis";1;"EURIMEDIA";;;;;;;
"Hyalyris";"latilimbata";1;"EURIMEDIA";;;;;;;
"Hyalyris";"leptalina";1;"HEMIXANTHE";;;;;;;
"Hyalyris";"mestra";2;"MESTRA";"PRAXILLA";;;;;;
"Hyalyris";"yasunina";1;"HERMIAS";;;;;;;
"Hyalyris";"lactea";2;"MESTRA";"PRAXILLA";;;;;;
"Hyalyris";"ocna";2;"OCNA";"MESTRA";;;;;;
"Hyalyris";"oulita";4;"OCNA";"DUESSA";"MAMERCUS";"HERMIAS";;;;
"Hyalyris";"praxilla";1;"PRAXILLA";;;;;;;
"Hyalyris";"schlingeri";1;"OCNA";;;;;;;
"Hypoleria";"adasa";1;"LERIDA";;;;;;;
"Hypoleria";"alema";7;"OCNA";"AGNOSIA";"AURELIANA";"LERIDA";"PRAXILLA";"MESTRA";"EGRA";
"Hypoleria";"asellia";1;"AGNOSIA";;;;;;;
"Hypoleria";"aureliana";1;"AURELIANA";;;;;;;
"Hypoleria";"lavinia";4;"LERIDA";"AMALDA";"AGNOSIA";"AURELIANA";;;;
"Hypoleria";"mulviana";1;"EGRA";;;;;;;
"Hypoleria";"ocalea";2;"HERMIAS";"DILUCIDA";;;;;;
"Hypoleria";"sarepta";4;"AURELIANA";"LERIDA";"EGRA";"AGNOSIA";;;;
"Hypoleria";"xenophis";1;"EURIMEDIA";;;;;;;
"Hypomenitis";"alphesiboea";1;"DUILLIA";;;;;;;
"Hypomenitis";"depauperata";1;"UMBROSA";;;;;;;
"Hypomenitis";"dercetis";1;"LIBETHRIS";;;;;;;
"Hypomenitis";"enigma";1;"PANTHYALE";;;;;;;
"Hypomenitis";"esula";1;"PANTHYALE";;;;;;;
"Hypomenitis";"gabiglooris";1;"AGNOSIA";;;;;;;
"Hypomenitis";"gardneri";2;"PANTHYALE";"BANJANA-M";;;;;;
"Hypomenitis";"hermana";2;"THEUDELINDA";"HEWITSONI";;;;;;
"Hypomenitis";"libethris";1;"LIBETHRIS";;;;;;;
"Hypomenitis";"lojana";1;"BANJANA-M";;;;;;;
"Hypomenitis";"lydia";1;"HEWITSONI";;;;;;;
"Hypomenitis";"nsp";1;"BANJANA-M";;;;;;;
"Hypomenitis";"nspC";1;"AGNOSIA";;;;;;;
"Hypomenitis";"candida";1;"AGNOSIA";;;;;;;
"Hypomenitis";"jamesiana";1;"PANTHYALE";;;;;;;
"Hypomenitis";"nspE";1;"LIBETHRIS";;;;;;;
"Hypomenitis";"nspD";1;"PANTHYALE";;;;;;;
"Hypomenitis";"ochretis";1;"UMBROSA";;;;;;;
"Hypomenitis";"oneidodes";2;"HEWITSONI";"THEUDELINDA";;;;;;
"Hypomenitis";"ortygia";1;"PANTHYALE";;;;;;;
"Hypomenitis";"polissena";2;"LIBETHRIS";"AGNOSIA";;;;;;
"Hypomenitis";"theudelinda";3;"THEUDELINDA";"PANTHYALE";"HEWITSONI";;;;;
"Hyposcada";"anchiala";6;"ILLINISSA";"MAMERCUS";"MOTHONE";"ORESTES";"MAELUS";"PARALLELIS";;
"Hyposcada";"attilodes";1;"SUSIANA";;;;;;;
"Hyposcada";"dujardini";2;"LERIDA";"AGNOSIA";;;;;;
"Hyposcada";"gallardi";1;"MAMERCUS";;;;;;;
"Hyposcada";"illinissa";7;"PARALLELIS";"LERIDA";"SINILIA";"AGNOSIA";"ILLINISSA";"AURELIANA";"QUINTINA";
"Hyposcada";"kena";5;"LERIDA";"AGNOSIA";"BANJANA-M";"SINILIA";"QUINTINA";;;
"Hyposcada";"nsp";2;"LERIDA";"AGNOSIA";;;;;;
"Hyposcada";"schausi";2;"LERIDA";"AMALDA";;;;;;
"Hyposcada";"taliata";2;"BANJANA-M";"SUSIANA";;;;;;
"Hyposcada";"virginiana";4;"PARALLELIS";"HERMIAS";"EXCELSA";"MAMERCUS";;;;
"Hyposcada";"zarepha";3;"AGNOSIA";"LERIDA";"EGRA";;;;;
"Hypothyris";"anastasia";5;"ORESTES";"MAELUS";"MOTHONE";"MAMERCUS";"HERMIAS";;;
"Hypothyris";"cantobrica";2;"MAMERCUS";"HERMIAS";;;;;;
"Hypothyris";"daphnis";2;"MAMERCUS";"HERMIAS";;;;;;
"Hypothyris";"euclea";5;"HERMIAS";"ORESTES";"DOTO";"PARALLELIS";"MAMERCUS";;;
"Hypothyris";"fluonia";4;"HERMIAS";"MAELUS";"MAMERCUS";"ORESTES";;;;
"Hypothyris";"gemella";1;"DOTO";;;;;;;
"Hypothyris";"leprieuri";4;"DUESSA";"HERMIAS";"MAMERCUS";"DOTO";;;;
"Hypothyris";"lycaste";4;"MAMERCUS";"HERMIAS";"DILUCIDA";"EXCELSA";;;;
"Hypothyris";"maenas";2;"MOTHONE";"MAMERCUS";;;;;;
"Hypothyris";"moebiusi";2;"MAMERCUS";"MOTHONE";;;;;;
"Hypothyris";"nsp";1;"MOTHONE";;;;;;;
"Hypothyris";"ninonia";7;"MAELUS";"HERMIAS";"MAMERCUS";"DOTO";"LYSIMNIA";"MOTHONE";"ORESTES";
"Hypothyris";"mamercus";1;"MAMERCUS";;;;;;;
"Hypothyris";"mansuetus";2;"MAMERCUS";"MOTHONE";;;;;;
"Hypothyris";"semifulva";5;"MAELUS";"MAMERCUS";"HERMIAS";"MOTHONE";"ORESTES";;;
"Hypothyris";"thea";2;"DUESSA";"HERMIAS";;;;;;
"Hypothyris";"vallonia";2;"HERMIAS";"DOTO";;;;;;
"Hypothyris";"xanthostola";2;"HERMIAS";"MAMERCUS";;;;;;
"Ithomia";"adelinda";3;"PRAXILLA";"MESTRA";"CONFUSA";;;;;
"Ithomia";"agnosia";2;"AGNOSIA";"LERIDA";;;;;;
"Ithomia";"amarilla";1;"EURIMEDIA";;;;;;;
"Ithomia";"arduinna";1;"AGNOSIA";;;;;;;
"Ithomia";"avella";4;"BANJANA-M";"HEWITSONI";"TICIDAM";"PANTHYALE";;;;
"Ithomia";"celemia";3;"HERMIAS";"PARALLELIS";"MAMERCUS";;;;;
"Ithomia";"cleora";2;"MANTINEUS";"HERMIAS";;;;;;
"Ithomia";"diasia";2;"LERIDA";"AMALDA";;;;;;
"Ithomia";"drymo";1;"LERIDA";;;;;;;
"Ithomia";"eleonora";2;"BANJANA-M";"SUSIANA";;;;;;
"Ithomia";"ellara";2;"BANJANA-M";"SUSIANA";;;;;;
"Ithomia";"heraldica";1;"MAMERCUS";;;;;;;
"Ithomia";"hyala";2;"LERIDA";"AGNOSIA";;;;;;
"Ithomia";"hymettia";2;"BANJANA-M";"AGNOSIA";;;;;;
"Ithomia";"iphianassa";4;"POLITA";"MAMERCUS";"HERMIAS";"DILUCIDA";;;;
"Ithomia";"jucunda";2;"LERIDA";"AMALDA";;;;;;
"Ithomia";"lagusa";1;"DILUCIDA";;;;;;;
"Ithomia";"leila";1;"LERIDA";;;;;;;
"Ithomia";"lichyi";2;"AGNOSIA";"LERIDA";;;;;;
"Ithomia";"patilla";1;"LERIDA";;;;;;;
"Ithomia";"praeithomia";2;"BANJANA-M";"SUSIANA";;;;;;
"Ithomia";"pseudoagalla";1;"DILUCIDA";;;;;;;
"Ithomia";"salapia";2;"EURIMEDIA";"AGNOSIA";;;;;;
"Ithomia";"terraEAST";2;"BANJANA-M";"AGNOSIA";;;;;;
"Ithomia";"terra";2;"AGNOSIA";"LERIDA";;;;;;
"Ithomia";"xenos";2;"EXCELSA";"DILUCIDA";;;;;;
"Mcclungia";"cymo";5;"MAMERCUS";"EGRA";"EURIMEDIA";"AGNOSIA";"SINILIA";;;
"Mechanitis";"mazaeus";3;"MAELUS";"HERMIAS";"MAMERCUS";;;;;
"Mechanitis";"polymnia";5;"MAELUS";"DILUCIDA";"MAMERCUS";"EXCELSA";"HERMIAS";;;
"Mechanitis";"menapis";4;"HERMIAS";"MAMERCUS";"MANTINEUS";"DILUCIDA";;;;
"Mechanitis";"lysimnia";3;"LYSIMNIA";"HERMIAS";"MAMERCUS";;;;;
"Mechanitis";"macrinus";1;"MAMERCUS";;;;;;;
"Mechanitis";"messenoides";2;"MOTHONE";"MAMERCUS";;;;;;
"Megoleria";"orestilla";2;"SUSIANA";"BANJANA-M";;;;;;
"Megoleria";"susiana";1;"SUSIANA";;;;;;;
"Melinaea";"mnasias";4;"HERMIAS";"MAMERCUS";"ORESTES";"LYSIMNIA";;;;
"Melinaea";"satevis";4;"HERMIAS";"MAMERCUS";"MAELUS";"ORESTES";;;;
"Melinaea";"marsaeus";4;"ORESTES";"MAMERCUS";"MAELUS";"MOTHONE";;;;
"Melinaea";"menophilus";4;"MAMERCUS";"HERMIAS";"MAELUS";"ORESTES";;;;
"Melinaea";"lilis";3;"HERMIAS";"MAMERCUS";"PARALLELIS";;;;;
"Melinaea";"idae";1;"MAMERCUS";;;;;;;
"Melinaea";"isocomma";2;"MAMERCUS";"MOTHONE";;;;;;
"Melinaea";"ludovica";1;"HERMIAS";;;;;;;
"Melinaea";"mneme";2;"MAMERCUS";"HERMIAS";;;;;;
"Melinaea";"mothone";2;"MAMERCUS";"MOTHONE";;;;;;
"Melinaea";"mnemopsis";1;"MAMERCUS";;;;;;;
"Melinaea";"ethra";1;"HERMIAS";;;;;;;
"Melinaea";"scylax";1;"MAMERCUS";;;;;;;
"Methona";"confusa";1;"CONFUSA";;;;;;;
"Methona";"curvifascia";1;"CONFUSA";;;;;;;
"Methona";"grandior";1;"CONFUSA";;;;;;;
"Methona";"maxima";1;"CONFUSA";;;;;;;
"Methona";"megisto";1;"CONFUSA";;;;;;;
"Methona";"singularis";1;"CONFUSA";;;;;;;
"Methona";"themisto";1;"CONFUSA";;;;;;;
"Napeogenes";"aethra";1;"HERMIAS";;;;;;;
"Napeogenes";"apulia";2;"OCNA";"MESTRA";;;;;;
"Napeogenes";"benigna";2;"POLITA";"PANTHYALE";;;;;;
"Napeogenes";"cranto";2;"DILUCIDA";"EURIMEDIA";;;;;;
"Napeogenes";"duessa";3;"DUESSA";"MAMERCUS";"DOTO";;;;;
"Napeogenes";"flossina";2;"PANTHYALE";"TICIDAM";;;;;;
"Napeogenes";"glycera";4;"MESTRA";"SUSIANA";"PRAXILLA";"OCNA";;;;
"Napeogenes";"gracilis";1;"OZIA";;;;;;;
"Napeogenes";"harbona";5;"BANJANA-M";"SUSIANA";"EURIMEDIA";"PANTHYALE";"MESTRA";;;
"Napeogenes";"inachia";3;"DOTO";"EURIMEDIA";"HEMIXANTHE";;;;;
"Napeogenes";"larilla";3;"HEWITSONI";"PANTHYALE";"THEUDELINDA";;;;;
"Napeogenes";"larina";1;"HERMIAS";;;;;;;
"Napeogenes";"lycora";2;"PRAXILLA";"OZIA";;;;;;
"Napeogenes";"nsp1";2;"OCNA";"PRAXILLA";;;;;;
"Napeogenes";"nsp2";2;"BANJANA-M";"OCNA";;;;;;
"Napeogenes";"garwoodae";1;"LERIDA";;;;;;;
"Napeogenes";"peridia";3;"DILUCIDA";"EXCELSA";"HERMIAS";;;;;
"Napeogenes";"pharo";4;"EURIMEDIA";"OZIA";"DOTO";"CONFUSA";;;;
"Napeogenes";"rhezia";5;"MAMERCUS";"HERMIAS";"DOTO";"MOTHONE";"HEMIXANTHE";;;
"Napeogenes";"sodalis";1;"AGNOSIA";;;;;;;
"Napeogenes";"stella";1;"HERMIAS";;;;;;;
"Napeogenes";"sulphureophila";1;"OCNA";;;;;;;
"Napeogenes";"sylphis";5;"AURELIANA";"ILLINISSA";"EGRA";"LERIDA";"AGNOSIA";;;
"Napeogenes";"tolosa";4;"EXCELSA";"DILUCIDA";"EURIMEDIA";"MAMERCUS";;;;
"Napeogenes";"verticilla";1;"AGNOSIA";;;;;;;
"Napeogenes";"zurippa";3;"ORESTES";"MAMERCUS";"HERMIAS";;;;;
"Oleria";"aegle";2;"LERIDA";"EGRA";;;;;;
"Oleria";"agarista";2;"LERIDA";"SINILIA";;;;;;
"Oleria";"alexina";1;"AGNOSIA";;;;;;;
"Oleria";"amalda";2;"AMALDA";"LERIDA";;;;;;
"Oleria";"antaxis";3;"EGRA";"LERIDA";"SINILIA";;;;;
"Oleria";"aquata";1;"LERIDA";;;;;;;
"Oleria";"assimilis";2;"LERIDA";"AGNOSIA";;;;;;
"Oleria";"astrea";1;"LERIDA";;;;;;;
"Oleria";"athalina";3;"BANJANA-M";"SUSIANA";"HEWITSONI";;;;;
"Oleria";"attalia";3;"SUSIANA";"MESTRA";"BANJANA-M";;;;;
"Oleria";"baizana";3;"HEWITSONI";"BANJANA-M";"SUSIANA";;;;;
"Oleria";"bioculata";1;"AGNOSIA";;;;;;;
"Oleria";"boyeri";1;"AGNOSIA";;;;;;;
"Oleria";"cyrene";2;"SUSIANA";"BANJANA-M";;;;;;
"Oleria";"deronda";4;"THABENA-F";"PANTHYALE";"BANJANA-M";"SUSIANA";;;;
"Oleria";"derondina";3;"THABENA-F";"BANJANA-M";"HEWITSONI";;;;;
"Oleria";"didymaea";2;"LERIDA";"AGNOSIA";;;;;;
"Oleria";"enania";2;"LERIDA";"AGNOSIA";;;;;;
"Oleria";"estella";2;"AGNOSIA";"QUINTINA";;;;;;
"Oleria";"fasciata";2;"BANJANA-M";"SUSIANA";;;;;;
"Oleria";"flora";2;"LERIDA";"EGRA";;;;;;
"Oleria";"fumata";1;"BANJANA-M";;;;;;;
"Oleria";"phenomoe";1;"AGNOSIA";;;;;;;
"Oleria";"gunilla";6;"QUINTINA";"LERIDA";"ILLINISSA";"AURELIANA";"AGNOSIA";"SINILIA";;
"Oleria";"ilerdina";2;"LERIDA";"ILLINISSA";;;;;;
"Oleria";"makrena";2;"BANJANA-M";"AGNOSIA";;;;;;
"Oleria";"nsp1";1;"LERIDA";;;;;;;
"Oleria";"bifurcata";1;"BANJANA-M";;;;;;;
"Oleria";"nsp";1;"AGNOSIA";;;;;;;
"Oleria";"onega";4;"LERIDA";"QUINTINA";"AURELIANA";"AGNOSIA";;;;
"Oleria";"padilla";2;"AGNOSIA";"BANJANA-M";;;;;;
"Oleria";"paula";2;"AMALDA";"LERIDA";;;;;;
"Oleria";"quadrata";1;"LERIDA";;;;;;;
"Oleria";"quintina";1;"QUINTINA";;;;;;;
"Oleria";"radina";3;"BANJANA-M";"PANTHYALE";"SUSIANA";;;;;
"Oleria";"rubescens";1;"LERIDA";;;;;;;
"Oleria";"santineza";2;"BANJANA-M";"AGNOSIA";;;;;;
"Oleria";"sexmaculata";2;"LERIDA";"SINILIA";;;;;;
"Oleria";"similigena";2;"LERIDA";"EGRA";;;;;;
"Oleria";"synnova";1;"SINILIA";;;;;;;
"Oleria";"thiemei";1;"AMALDA";;;;;;;
"Oleria";"tigilla";2;"AGNOSIA";"LERIDA";;;;;;
"Oleria";"tremona";2;"BANJANA-M";"PANTHYALE";;;;;;
"Oleria";"vicina";1;"AGNOSIA";;;;;;;
"Oleria";"victorine";2;"AGNOSIA";"LERIDA";;;;;;
"Oleria";"zea";1;"AGNOSIA";;;;;;;
"Oleria";"zelica";1;"EURIMEDIA";;;;;;;
"Ollantaya";"aegineta";3;"THEUDELINDA";"THABENA-F";"BANJANA-M";;;;;
"Ollantaya";"canilla";1;"OZIA";;;;;;;
"Ollantaya";"nsp";1;"SUSIANA";;;;;;;
"Ollantaya";"olerioides";2;"BANJANA-M";"SUSIANA";;;;;;
"Olyras";"crathis";2;"DILUCIDA";"EXCELSA";;;;;;
"Olyras";"insignis";2;"DILUCIDA";"PRAESTANS";;;;;;
"Olyras";"theon";1;"DILUCIDA";;;;;;;
"Pachacutia";"baroni";1;"DUILLIA";;;;;;;
"Pachacutia";"cleomella";2;"OZIA";"THABENA-F";;;;;;
"Pachacutia";"germaini";1;"OZIA";;;;;;;
"Pachacutia";"mantura";1;"CONFUSA";;;;;;;
"Pagyris";"cymothoe";2;"AGNOSIA";"DILUCIDA";;;;;;
"Pagyris";"priscilla";1;"OZIA";;;;;;;
"Pagyris";"ulla";5;"PANTHYALE";"LIBETHRIS";"AGNOSIA";"TICIDAM";"HEWITSONI";;;
"Paititia";"neglecta";1;"CONFUSA";;;;;;;
"Patricia";"demylus";2;"HEWITSONI";"BANJANA-M";;;;;;
"Patricia";"dercyllidas";3;"DERCYLLIDAS";"HEWITSONI";"SUSIANA";;;;;
"Patricia";"hewitsonii";1;"HEWITSONI";;;;;;;
"Patricia";"oligyrtis";2;"BANJANA-M";"TICIDAM";;;;;;
"Placidina";"euryanassa";1;"LYSIMNIA";;;;;;;
"Pseudoscada";"acilla";1;"LERIDA";;;;;;;
"Pseudoscada";"erruca";1;"LERIDA";;;;;;;
"Pseudoscada";"florula";4;"AURELIANA";"EGRA";"LERIDA";"AGNOSIA";;;;
"Pseudoscada";"timnaCOSTARICA";1;"LERIDA";;;;;;;
"Pseudoscada";"timnaEASTERN";2;"AGNOSIA";"LERIDA";;;;;;
"Pseudoscada";"timnaWESTERN";2;"AMALDA";"LERIDA";;;;;;
"Pteronymia";"alcmena";1;"AGNOSIA";;;;;;;
"Pteronymia";"aletta";4;"MAMERCUS";"POLITA";"MANTINEUS";"DILUCIDA";;;;
"Pteronymia";"alicia";1;"AGNOSIA";;;;;;;
"Pteronymia";"alida";5;"LIBETHRIS";"THABENA-F";"PANTHYALE";"HEWITSONI";"BANJANA-M";;;
"Pteronymia";"alina";3;"PANTHYALE";"BANJANA-M";"HEWITSONI";;;;;
"Pteronymia";"alissa";2;"LERIDA";"AGNOSIA";;;;;;
"Pteronymia";"andreas";1;"AGNOSIA";;;;;;;
"Pteronymia";"artena";1;"AGNOSIA";;;;;;;
"Pteronymia";"asopo";1;"AGNOSIA";;;;;;;
"Pteronymia";"calgiria";1;"OZIA";;;;;;;
"Pteronymia";"carlia";1;"LERIDA";;;;;;;
"Pteronymia";"cotytto";1;"LERIDA";;;;;;;
"Pteronymia";"dispar";1;"POLITA";;;;;;;
"Pteronymia";"donella";2;"MAMERCUS";"DILUCIDA";;;;;;
"Pteronymia";"dorothyae";1;"AGNOSIA";;;;;;;
"Pteronymia";"euritea";1;"HEMIXANTHE";;;;;;;
"Pteronymia";"forsteri";1;"AGNOSIA";;;;;;;
"Pteronymia";"fulvimargo";1;"DILUCIDA";;;;;;;
"Pteronymia";"fumida";2;"HERMIAS";"DILUCIDA";;;;;;
"Pteronymia";"gertschi";1;"OZIA";;;;;;;
"Pteronymia";"glauca";1;"LERIDA";;;;;;;
"Pteronymia";"granica";1;"HEWITSONI";;;;;;;
"Pteronymia";"hara";6;"AGNOSIA";"LIBETHRIS";"HEWITSONI";"PANTHYALE";"LERIDA";"BANJANA-M";;
"Pteronymia";"inania";2;"HEWITSONI";"THABENA-F";;;;;;
"Pteronymia";"latilla";4;"HERMIAS";"DILUCIDA";"MAMERCUS";"PARALLELIS";;;;
"Pteronymia";"laura";1;"AMALDA";;;;;;;
"Pteronymia";"lonera";1;"EXCELSA";;;;;;;
"Pteronymia";"medellina";2;"HEWITSONI";"AGNOSIA";;;;;;
"Pteronymia";"mariannae";1;"AGNOSIA";;;;;;;
"Pteronymia";"cuneata";2;"TICIDAM";"HEWITSONI";;;;;;
"Pteronymia";"nsp";1;"DILUCIDA";;;;;;;
"Pteronymia";"nsp1";1;"AGNOSIA";;;;;;;
"Pteronymia";"obscuratus";1;"POLITA";;;;;;;
"Pteronymia";"olimba";2;"LIBETHRIS";"AGNOSIA";;;;;;
"Pteronymia";"oneida";1;"HEWITSONI";;;;;;;
"Pteronymia";"ozia";2;"OZIA";"MESTRA";;;;;;
"Pteronymia";"parva";1;"LERIDA";;;;;;;
"Pteronymia";"peteri";1;"AGNOSIA";;;;;;;
"Pteronymia";"picta";3;"EURIMEDIA";"DILUCIDA";"MAMERCUS";;;;;
"Pteronymia";"primula";1;"EURIMEDIA";;;;;;;
"Pteronymia";"rufocincta";1;"AGNOSIA";;;;;;;
"Pteronymia";"sao";2;"DOTO";"EURIMEDIA";;;;;;
"Pteronymia";"serrata";3;"HEWITSONI";"PANTHYALE";"THEUDELINDA";;;;;
"Pteronymia";"sexpunctata";1;"AGNOSIA";;;;;;;
"Pteronymia";"simplex";1;"AGNOSIA";;;;;;;
"Pteronymia";"tamina";2;"OZIA";"THABENA-F";;;;;;
"Pteronymia";"teresita";1;"DILUCIDA";;;;;;;
"Pteronymia";"thabena";2;"OZIA";"THABENA-F";;;;;;
"Pteronymia";"ticida";7;"LIBETHRIS";"HEWITSONI";"PANTHYALE";"TICIDAM";"OZIA";"THABENA-F";"BANJANA-M";
"Pteronymia";"tucuna";1;"EURIMEDIA";;;;;;;
"Pteronymia";"veiaEAST";2;"HEWITSONI";"LIBETHRIS";;;;;;
"Pteronymia";"luisa";1;"DILUCIDA";;;;;;;
"Pteronymia";"vestilla";3;"EURIMEDIA";"AGNOSIA";"VESTILLA";;;;;
"Pteronymia";"zerlina";2;"BANJANA-M";"AGNOSIA";;;;;;
"Sais";"rosalia";4;"MAELUS";"MAMERCUS";"DILUCIDA";"HERMIAS";;;;
"Scada";"karschina";2;"EURIMEDIA";"HEMIXANTHE";;;;;;
"Scada";"kusa";1;"EURIMEDIA";;;;;;;
"Scada";"reckia";1;"EURIMEDIA";;;;;;;
"Scada";"zemira";1;"MANTINEUS";;;;;;;
"Scada";"zibia";1;"EURIMEDIA";;;;;;;
"Thyridia";"psidii";3;"DILUCIDA";"CONFUSA";"EXCELSA";;;;;
"Tithorea";"harmonia";5;"ORESTES";"HERMIAS";"MAELUS";"EXCELSA";"MAMERCUS";;;
"Tithorea";"pacifica";2;"EXCELSA";"HERMIAS";;;;;;
"Tithorea";"tarricina";2;"EXCELSA";"MAMERCUS";;;;;;
"Veladyris";"cytharista";2;"THABENA-F";"PANTHYALE";;;;;;
"Veladyris";"electrea";1;"PANTHYALE";;;;;;;
"Veladyris";"nsp";1;"HEWITSONI";;;;;;;
"Veladyris";"pardalis";3;"THEUDELINDA";"PANTHYALE";"HEWITSONI";;;;;
"Velamysta";"nsp";1;"PANTHYALE";;;;;;;
"Velamysta";"desmondi";1;"AGNOSIA";;;;;;;
"Velamysta";"peninna";3;"PANTHYALE";"BANJANA-M";"SUSIANA";;;;;
"Velamysta";"phengites";2;"PANTHYALE";"BANJANA-M";;;;;;
"Velamysta";"pupilla";2;"THEUDELINDA";"PANTHYALE";;;;;;
"Brevioleria";"plisthenes";1;"LERIDA";;;;;;;
"Brevioleria";"nsp1";1;"LERIDA";;;;;;;
