Genus;Species;Sub.species;M.mimicry;F.mimicry;Sexual_Dimorphism;Subtribe
Aeria;elara;elara;EURIMEDIA;EURIMEDIA;FALSE;Tithoreina
Aeria;elara;elarina;EURIMEDIA;EURIMEDIA;FALSE;Tithoreina
Aeria;elara;n. ssp. [1];EURIMEDIA;EURIMEDIA;FALSE;Tithoreina
Aeria;elara;n. ssp. [3];EURIMEDIA;EURIMEDIA;FALSE;Tithoreina
Aeria;eurimedia;agna;EURIMEDIA;EURIMEDIA;FALSE;Tithoreina
Aeria;eurimedia;eurimedia;EURIMEDIA;EURIMEDIA;FALSE;Tithoreina
Aeria;eurimedia;latistriga;EURIMEDIA;EURIMEDIA;FALSE;Tithoreina
Aeria;eurimedia;n. ssp.;EURIMEDIA;EURIMEDIA;FALSE;Tithoreina
Aeria;eurimedia;negricola;EURIMEDIA;EURIMEDIA;FALSE;Tithoreina
Aeria;eurimedia;pacifica;EURIMEDIA;EURIMEDIA;FALSE;Tithoreina
Aeria;eurimedia;sisenna;EURIMEDIA;EURIMEDIA;FALSE;Tithoreina
Aeria;olena;n. ssp. [1];EURIMEDIA;EURIMEDIA;FALSE;Tithoreina
Aeria;olena;olena;EURIMEDIA;EURIMEDIA;FALSE;Tithoreina
Aremfoxia;ferra;ferra;MESTRA;MESTRA;FALSE;Napeogenina
Aremfoxia;ferra;thyridiana;CONFUSA;CONFUSA;FALSE;Napeogenina
Athesis;acrisione;acrisione;ACRISIONE;ACRISIONE;FALSE;Athesitina
Athesis;acrisione;deflavata;CONFUSA;CONFUSA;FALSE;Athesitina
Athesis;clearista;;DILUCIDA;DILUCIDA;FALSE;Athesitina
Athesis;clearista;colombiensis;DILUCIDA;DILUCIDA;FALSE;Athesitina
Athesis;vitrala;;HEWITSONI;HEWITSONI;FALSE;Athesitina
Athyrtis;mechanitis;mechanitis;HERMIAS;HERMIAS;FALSE;Melinaeina
Athyrtis;mechanitis;oberthueri;HERMIAS;HERMIAS;FALSE;Melinaeina
Athyrtis;mechanitis;salvini;ORESTES;ORESTES;FALSE;Melinaeina
Brevioleria;aelia;aelia;ILLINISSA;ILLINISSA;FALSE;Godyridina
Brevioleria;aelia;brevicula;LERIDA;LERIDA;FALSE;Godyridina
Brevioleria;aelia;jamariensis;LERIDA;LERIDA;FALSE;Godyridina
Brevioleria;aelia;oncidia;AURELIANA;AURELIANA;FALSE;Godyridina
Brevioleria;aelia;orolina;AURELIANA;AURELIANA;FALSE;Godyridina
Brevioleria;aelia;pachiteae;LERIDA;LERIDA;FALSE;Godyridina
Brevioleria;aelia;yawara;SINILIA;SINILIA;FALSE;Godyridina
Brevioleria;arzalia;arzalia;AGNOSIA;AGNOSIA;FALSE;Godyridina
Brevioleria;arzalia;n. ssp. [1];AURELIANA;AURELIANA;FALSE;Godyridina
Brevioleria;arzalia;n. ssp. [2];AURELIANA;AURELIANA;FALSE;Godyridina
Brevioleria;coenina;;OZIA;OZIA;FALSE;Godyridina
Brevioleria;seba;emyra;LERIDA;LERIDA;FALSE;Godyridina
Brevioleria;seba;n. ssp. [1];LERIDA;LERIDA;FALSE;Godyridina
Brevioleria;seba;n. ssp. [2];AGNOSIA;AGNOSIA;FALSE;Godyridina
Brevioleria;seba;n. ssp. [3];AGNOSIA;AGNOSIA;FALSE;Godyridina
Brevioleria;seba;n. ssp. [4];LERIDA;LERIDA;FALSE;Godyridina
Brevioleria;seba;n. ssp. [5];LERIDA;LERIDA;FALSE;Godyridina
Brevioleria;seba;oculata;AURELIANA;AURELIANA;FALSE;Godyridina
Brevioleria;seba;seba;LERIDA;LERIDA;FALSE;Godyridina
Callithomia;alexirrhoe;alexirrhoe;HERMIAS;HERMIAS;FALSE;Dircennina
Callithomia;alexirrhoe;butes;HERMIAS;HERMIAS;FALSE;Dircennina
Callithomia;alexirrhoe;n. ssp. [2];MAMERCUS;MAMERCUS;FALSE;Dircennina
Callithomia;alexirrhoe;schulzi;HERMIAS;HERMIAS;FALSE;Dircennina
Callithomia;alexirrhoe;thornax;MAELUS;MAELUS;FALSE;Dircennina
Callithomia;alexirrhoe;zeuxippe;HERMIAS;HERMIAS;FALSE;Dircennina
Callithomia;hezia;beronilla;MAMERCUS;MAMERCUS;FALSE;Dircennina
Callithomia;hezia;hedila;EXCELSA;EXCELSA;FALSE;Dircennina
Callithomia;hezia;hezia;EXCELSA;EXCELSA;FALSE;Dircennina
Callithomia;hezia;n. ssp. [1];EXCELSA;EXCELSA;FALSE;Dircennina
Callithomia;hezia;n. ssp. [2];MAMERCUS;MAMERCUS;FALSE;Dircennina
Callithomia;hezia;perija;EXCELSA;EXCELSA;FALSE;Dircennina
Callithomia;hezia;phagesia;EXCELSA;EXCELSA;FALSE;Dircennina
Callithomia;hezia;phagesina;EXCELSA;EXCELSA;FALSE;Dircennina
Callithomia;hezia;smalli;EXCELSA;EXCELSA;FALSE;Dircennina
Callithomia;hezia;tridactyla;EXCELSA;EXCELSA;FALSE;Dircennina
Callithomia;hezia;villula;OCNA;OCNA;FALSE;Dircennina
Callithomia;hezia;wellingi;EXCELSA;EXCELSA;FALSE;Dircennina
Callithomia;hydra;hydra;EXCELSA;EXCELSA;FALSE;Dircennina
Callithomia;hydra;megaleas;MAMERCUS;MAMERCUS;FALSE;Dircennina
Callithomia;hydra;panamensis;MAMERCUS;MAMERCUS;FALSE;Dircennina
Callithomia;lenea;agrippina;MAMERCUS;MAMERCUS;FALSE;Dircennina
Callithomia;lenea;alpho;DILUCIDA;DILUCIDA;FALSE;Dircennina
Callithomia;lenea;bella;HERMIAS;HERMIAS;FALSE;Dircennina
Callithomia;lenea;drogheda;DOTO;DOTO;FALSE;Dircennina
Callithomia;lenea;epidero;CONFUSA;DOTO;TRUE;Dircennina
Callithomia;lenea;inturna;MAMERCUS;MAMERCUS;FALSE;Dircennina
Callithomia;lenea;lenea;DOTO;DOTO;FALSE;Dircennina
Callithomia;lenea;methonella;CONFUSA;CONFUSA;FALSE;Dircennina
Callithomia;lenea;nikita;DILUCIDA;DILUCIDA;FALSE;Dircennina
Callithomia;lenea;obfuscata;CONFUSA;CONFUSA;FALSE;Dircennina
Callithomia;lenea;pulcheria;MAMERCUS;MAMERCUS;FALSE;Dircennina
Callithomia;lenea;siparia;DOTO;DOTO;FALSE;Dircennina
Callithomia;lenea;skinneri;HERMIAS;HERMIAS;FALSE;Dircennina
Callithomia;lenea;xantho;CONFUSA;CONFUSA;FALSE;Dircennina
Callithomia;lenea;zelie;CONFUSA;CONFUSA;FALSE;Dircennina
Ceratinia;cayana;cayana;HERMIAS;HERMIAS;FALSE;Dircennina
Ceratinia;cayana;giparanaensis;HERMIAS;HERMIAS;FALSE;Dircennina
Ceratinia;iolaia;iolaia;HERMIAS;HERMIAS;FALSE;Dircennina
Ceratinia;iolaia;rehni;HERMIAS;HERMIAS;FALSE;Dircennina
Ceratinia;neso;espriella;MAMERCUS;MAMERCUS;FALSE;Dircennina
Ceratinia;neso;hamlini;DOTO;HERMIAS;TRUE;Dircennina
Ceratinia;neso;n. ssp. [1];HERMIAS;MAMERCUS;TRUE;Dircennina
Ceratinia;neso;n. ssp. [3];DILUCIDA;DILUCIDA;FALSE;Dircennina
Ceratinia;neso;n. ssp. [4];DOTO;HERMIAS;TRUE;Dircennina
Ceratinia;neso;n. ssp. [5];MAMERCUS;MAMERCUS;FALSE;Dircennina
Ceratinia;neso;n. ssp. [6];MAMERCUS;ORESTES;TRUE;Dircennina
Ceratinia;neso;n. ssp. [7];DOTO;DOTO;FALSE;Dircennina
Ceratinia;neso;n. ssp. [8];DOTO;HERMIAS;TRUE;Dircennina
Ceratinia;neso;naranja;DOTO;HERMIAS;TRUE;Dircennina
Ceratinia;neso;neso;DOTO;HERMIAS;TRUE;Dircennina
Ceratinia;neso;nisea;DOTO;HERMIAS;TRUE;Dircennina
Ceratinia;neso;niselina;HERMIAS;HERMIAS;FALSE;Dircennina
Ceratinia;neso;peruensis;HERMIAS;HERMIAS;FALSE;Dircennina
Ceratinia;neso;tarapotis;MAELUS;MAELUS;FALSE;Dircennina
Ceratinia;poecila;azarina;MAMERCUS;MAMERCUS;FALSE;Dircennina
Ceratinia;poecila;callichroma;MAMERCUS;MAMERCUS;FALSE;Dircennina
Ceratinia;poecila;chanchamaya;HERMIAS;HERMIAS;FALSE;Dircennina
Ceratinia;poecila;fuscens;MAMERCUS;MAMERCUS;FALSE;Dircennina
Ceratinia;poecila;fuscens;ORESTES;ORESTES;FALSE;Dircennina
Ceratinia;poecila;hopfferi;MAELUS;MAELUS;FALSE;Dircennina
Ceratinia;poecila;n. ssp. [4];HERMIAS;HERMIAS;FALSE;Dircennina
Ceratinia;poecila;n. ssp. [6];MAMERCUS;MAMERCUS;FALSE;Dircennina
Ceratinia;poecila;n. ssp. [7];MOTHONE;MOTHONE;FALSE;Dircennina
Ceratinia;poecila;n. ssp. [8];MAMERCUS;MAMERCUS;FALSE;Dircennina
Ceratinia;poecila;n. ssp. [9];MAMERCUS;MAMERCUS;FALSE;Dircennina
Ceratinia;poecila;poecila;HERMIAS;HERMIAS;FALSE;Dircennina
Ceratinia;poecila;poeciloides;MAELUS;MAELUS;FALSE;Dircennina
Ceratinia;poecila;porrecta;MAMERCUS;MAMERCUS;FALSE;Dircennina
Ceratinia;poecila;robusta;MAMERCUS;MAMERCUS;FALSE;Dircennina
Ceratinia;poecila;selenides;MAMERCUS;MAMERCUS;FALSE;Dircennina
Ceratinia;tutia;azara;MAMERCUS;MAMERCUS;FALSE;Dircennina
Ceratinia;tutia;dorilla;MAMERCUS;MAMERCUS;FALSE;Dircennina
Ceratinia;tutia;n. ssp. [1];HERMIAS;HERMIAS;FALSE;Dircennina
Ceratinia;tutia;n. ssp. [2];HERMIAS;HERMIAS;FALSE;Dircennina
Ceratinia;tutia;n. ssp. [6];HERMIAS;HERMIAS;FALSE;Dircennina
Ceratinia;tutia;singularis;MAMERCUS;MAMERCUS;FALSE;Dircennina
Ceratinia;tutia;tosca;HERMIAS;HERMIAS;FALSE;Dircennina
Ceratinia;tutia;transversa;HERMIAS;HERMIAS;FALSE;Dircennina
Ceratinia;tutia;transversa;MANTINEUS;MANTINEUS;FALSE;Dircennina
Ceratinia;tutia;tutia;HERMIAS;HERMIAS;FALSE;Dircennina
Dircenna;adina;adina;AGNOSIA;AGNOSIA;FALSE;Dircennina
Dircenna;adina;lorica;OCNA;OCNA;FALSE;Dircennina
Dircenna;adina;lorica;OZIA;OZIA;FALSE;Dircennina
Dircenna;adina;marica;LIBETHRIS;HEWITSONI;TRUE;Dircennina
Dircenna;adina;n. ssp. [2];DILUCIDA;DILUCIDA;FALSE;Dircennina
Dircenna;adina;n. ssp. [3];DILUCIDA;DILUCIDA;FALSE;Dircennina
Dircenna;adina;n. ssp. [4];MESTRA;MESTRA;FALSE;Dircennina
Dircenna;adina;steinheili;DILUCIDA;DILUCIDA;FALSE;Dircennina
Dircenna;adina;stevei;AGNOSIA;AGNOSIA;FALSE;Dircennina
Dircenna;adina;xanthophane;CONFUSA;CONFUSA;FALSE;Dircennina
Dircenna;dero;caliginosa;CONFUSA;CONFUSA;FALSE;Dircennina
Dircenna;dero;celtina;CONFUSA;CONFUSA;FALSE;Dircennina
Dircenna;dero;dero;CONFUSA;CONFUSA;FALSE;Dircennina
Dircenna;dero;euchytma;DILUCIDA;DILUCIDA;FALSE;Dircennina
Dircenna;dero;euteles;DOTO;DOTO;FALSE;Dircennina
Dircenna;dero;n. ssp. [1];DILUCIDA;MAMERCUS;TRUE;Dircennina
Dircenna;dero;n. ssp. [2];CONFUSA;CONFUSA;FALSE;Dircennina
Dircenna;dero;n. ssp. [3];CONFUSA;CONFUSA;FALSE;Dircennina
Dircenna;dero;rhoeo;CONFUSA;CONFUSA;FALSE;Dircennina
Dircenna;jemina;chiriquensis;DILUCIDA;DILUCIDA;FALSE;Dircennina
Dircenna;jemina;jemina;DILUCIDA;DILUCIDA;FALSE;Dircennina
Dircenna;jemina;n. ssp. [1];DILUCIDA;DILUCIDA;FALSE;Dircennina
Dircenna;jemina;n. ssp. [2];DILUCIDA;DILUCIDA;FALSE;Dircennina
Dircenna;jemina;n. ssp. [3];POLITA;DILUCIDA;TRUE;Dircennina
Dircenna;jemina;n. ssp. [4];DILUCIDA;DILUCIDA;FALSE;Dircennina
Dircenna;jemina;n. ssp. [5];DILUCIDA;DILUCIDA;FALSE;Dircennina
Dircenna;jemina;reynoldsi;DILUCIDA;DILUCIDA;FALSE;Dircennina
Dircenna;jemina;varina;MAMERCUS;MAMERCUS;FALSE;Dircennina
Dircenna;jemina;visina;DILUCIDA;DILUCIDA;FALSE;Dircennina
Dircenna;klugii;klugii;DILUCIDA;DILUCIDA;FALSE;Dircennina
Dircenna;klugii;n. ssp.;DILUCIDA;DILUCIDA;FALSE;Dircennina
Dircenna;loreta;acreana;CONFUSA;CONFUSA;FALSE;Dircennina
Dircenna;loreta;loreta;CONFUSA;CONFUSA;FALSE;Dircennina
Dircenna;loreta;melini;CONFUSA;CONFUSA;FALSE;Dircennina
Dircenna;loreta;n. ssp.;CONFUSA;CONFUSA;FALSE;Dircennina
Dircenna;olyras;bairdii;DILUCIDA;EXCELSA;TRUE;Dircennina
Dircenna;olyras;n. ssp.;EXCELSA;EXCELSA;FALSE;Dircennina
Dircenna;olyras;olyras;EXCELSA;EXCELSA;FALSE;Dircennina
Dircenna;olyras;relata;DILUCIDA;MAMERCUS;TRUE;Dircennina
Elzunia;humboldt;albomaculata;HUMBOLDT;HUMBOLDT;FALSE;Tithoreina
Elzunia;humboldt;bomplandii;PAVONII;PAVONII;FALSE;Tithoreina
Elzunia;humboldt;cassandrina;HUMBOLDT;HUMBOLDT;FALSE;Tithoreina
Elzunia;humboldt;descandollesi;PAVONII;PAVONII;FALSE;Tithoreina
Elzunia;humboldt;humboldt;HUMBOLDT;HUMBOLDT;FALSE;Tithoreina
Elzunia;humboldt;joiceyi;PAVONII;PAVONII;FALSE;Tithoreina
Elzunia;humboldt;n. ssp. [1];PAVONII;PAVONII;FALSE;Tithoreina
Elzunia;humboldt;n. ssp. [2];PAVONII;PAVONII;FALSE;Tithoreina
Elzunia;humboldt;regalis;PAVONII;PAVONII;FALSE;Tithoreina
Elzunia;pavonii;;PAVONII;PAVONII;FALSE;Tithoreina
Episcada;apuleia;apuleia;HEWITSONI;HEWITSONI;FALSE;Dircennina
Episcada;apuleia;cora;PANTHYALE;PANTHYALE;FALSE;Dircennina
Episcada;apuleia;n. ssp. [2];PANTHYALE;PANTHYALE;FALSE;Dircennina
Episcada;apuleia;n. ssp. [3];HEWITSONI;HEWITSONI;FALSE;Dircennina
Episcada;apuleia;santanella;HEWITSONI;HEWITSONI;FALSE;Dircennina
Episcada;clausina;clausina;EURIMEDIA;EURIMEDIA;FALSE;Dircennina
Episcada;clausina;n. ssp.;LIBETHRIS;LIBETHRIS;FALSE;Dircennina
Episcada;doto;doto;DOTO;DOTO;FALSE;Dircennina
Episcada;doto;n. ssp. [2];EURIMEDIA;EURIMEDIA;FALSE;Dircennina
Episcada;hemixanthe;;HEMIXANTHE;HEMIXANTHE;FALSE;Dircennina
Episcada;hymen;hymen;EURIMEDIA;EURIMEDIA;FALSE;Dircennina
Episcada;hymen;n. ssp. [1];EURIMEDIA;EURIMEDIA;FALSE;Dircennina
Episcada;hymen;n. ssp. [2];EURIMEDIA;EURIMEDIA;FALSE;Dircennina
Episcada;hymenaea;caucana;POLITA;POLITA;FALSE;Dircennina
Episcada;hymenaea;centralis;POLITA;POLITA;FALSE;Dircennina
Episcada;hymenaea;guianensis;EURIMEDIA;EURIMEDIA;FALSE;Dircennina
Episcada;hymenaea;hymenaea;LERIDA;LERIDA;FALSE;Dircennina
Episcada;hymenaea;n. ssp. [1];LIBETHRIS;LIBETHRIS;FALSE;Dircennina
Episcada;mira;;LIBETHRIS;AGNOSIA;TRUE;Dircennina
Episcada;nsp1;n. ssp. [1];PANTHYALE;PANTHYALE;FALSE;Dircennina
Episcada;nsp1;n. ssp. [2];OZIA;OZIA;FALSE;Dircennina
Episcada;nsp1;n. ssp. [3];PANTHYALE;PANTHYALE;FALSE;Dircennina
Episcada;nsp;;AGNOSIA;AGNOSIA;FALSE;Dircennina
Episcada;pichita;;LIBETHRIS;LIBETHRIS;FALSE;Dircennina
Episcada;philoclea;;EURIMEDIA;EURIMEDIA;FALSE;Dircennina
Episcada;polita;aprica;POLITA;POLITA;FALSE;Dircennina
Episcada;polita;archaia;POLITA;POLITA;FALSE;Dircennina
Episcada;polita;cabenis;LIBETHRIS;LIBETHRIS;FALSE;Dircennina
Episcada;polita;n. ssp. [1];AGNOSIA;AGNOSIA;FALSE;Dircennina
Episcada;polita;n. ssp. [2];LIBETHRIS;LIBETHRIS;FALSE;Dircennina
Episcada;polita;polita;POLITA;POLITA;FALSE;Dircennina
Episcada;polita;raymondi;AGNOSIA;AGNOSIA;FALSE;Dircennina
Episcada;salvinia;apia;AGNOSIA;AGNOSIA;FALSE;Dircennina
Episcada;salvinia;n. ssp. [1];BANJANA-M;BANJANA-M;FALSE;Dircennina
Episcada;salvinia;n. ssp. [2];AGNOSIA;AGNOSIA;FALSE;Dircennina
Episcada;salvinia;opleri;AGNOSIA;AGNOSIA;FALSE;Dircennina
Episcada;salvinia;portilla;AGNOSIA;AGNOSIA;FALSE;Dircennina
Episcada;salvinia;salvinia;AGNOSIA;AGNOSIA;FALSE;Dircennina
Episcada;striposis;;EURIMEDIA;EURIMEDIA;FALSE;Dircennina
Episcada;sulphurea;n. ssp. [1];EURIMEDIA;EURIMEDIA;FALSE;Dircennina
Episcada;sulphurea;n. ssp. [2];EURIMEDIA;EURIMEDIA;FALSE;Dircennina
Episcada;sulphurea;sulphurea;EURIMEDIA;EURIMEDIA;FALSE;Dircennina
Episcada;sylpha;;POLITA;POLITA;FALSE;Dircennina
Episcada;sylvo;;LERIDA;LERIDA;FALSE;Dircennina
Episcada;ticidella;n. ssp. [1];PANTHYALE;PANTHYALE;FALSE;Dircennina
Episcada;ticidella;n. ssp. [2];PANTHYALE;PANTHYALE;FALSE;Dircennina
Episcada;ticidella;ticidella;TICIDAM;TICIDAM;FALSE;Dircennina
Episcada;trapezula;;LIBETHRIS;LIBETHRIS;FALSE;Dircennina
Episcada;vitrea;;LERIDA;LERIDA;FALSE;Dircennina
Episcada;zajciwi;canaria;HEMIXANTHE;HEMIXANTHE;FALSE;Dircennina
Episcada;zajciwi;n. ssp.;EURIMEDIA;EURIMEDIA;FALSE;Dircennina
Episcada;zajciwi;zajciwi;EURIMEDIA;EURIMEDIA;FALSE;Dircennina
Epityches;eupompe;;EURIMEDIA;EURIMEDIA;FALSE;Napeogenina
Eutresis;dilucida;;DILUCIDA;DILUCIDA;FALSE;Melinaeina
Eutresis;hypereia;antioquensis;DILUCIDA;DILUCIDA;FALSE;Melinaeina
Eutresis;hypereia;banosana;EXCELSA;EXCELSA;FALSE;Melinaeina
Eutresis;hypereia;hypereia;DILUCIDA;DILUCIDA;FALSE;Melinaeina
Eutresis;hypereia;hyspa;DILUCIDA;DILUCIDA;FALSE;Melinaeina
Eutresis;hypereia;imitatrix;CONFUSA;CONFUSA;FALSE;Melinaeina
Eutresis;hypereia;n. ssp.;EXCELSA;EXCELSA;FALSE;Melinaeina
Eutresis;hypereia;theope;DILUCIDA;DILUCIDA;FALSE;Melinaeina
Forbestra;equicola;equicola;MAMERCUS;MAMERCUS;FALSE;Mechanitina
Forbestra;equicola;equicoloides;HERMIAS;HERMIAS;FALSE;Mechanitina
Forbestra;equicola;n. ssp.;MAMERCUS;MAMERCUS;FALSE;Mechanitina
Forbestra;olivencia;aeneola;ORESTES;ORESTES;FALSE;Mechanitina
Forbestra;olivencia;juntana;HERMIAS;HERMIAS;FALSE;Mechanitina
Forbestra;olivencia;n. ssp. [1];HERMIAS;HERMIAS;FALSE;Mechanitina
Forbestra;olivencia;oiticicai;HERMIAS;HERMIAS;FALSE;Mechanitina
Forbestra;olivencia;olivencia;MAELUS;MAELUS;FALSE;Mechanitina
Forbestra;olivencia;truncata;MAELUS;MAELUS;FALSE;Mechanitina
Forbestra;proceris;;HERMIAS;HERMIAS;FALSE;Mechanitina
Godyris;crinippa;crinippa;PANTHYALE;PANTHYALE;FALSE;Godyridina
Godyris;crinippa;n. ssp. [1];PANTHYALE;PANTHYALE;FALSE;Godyridina
Godyris;dircenna;;CONFUSA;CONFUSA;FALSE;Godyridina
Godyris;duillia;;DUILLIA;DUILLIA;FALSE;Godyridina
Godyris;hewitsoni;hewitsoni;HEWITSONI;HEWITSONI;FALSE;Godyridina
Godyris;hewitsoni;n. ssp. [3];PANTHYALE;PANTHYALE;FALSE;Godyridina
Godyris;hewitsoni;n. ssp. [4];HEWITSONI;HEWITSONI;FALSE;Godyridina
Godyris;kedema;albinotata;DILUCIDA;DILUCIDA;FALSE;Godyridina
Godyris;kedema;furina;DILUCIDA;DILUCIDA;FALSE;Godyridina
Godyris;kedema;kedema;DILUCIDA;DILUCIDA;FALSE;Godyridina
Godyris;kedema;n. ssp.;MAMERCUS;MAMERCUS;FALSE;Godyridina
Godyris;lauta;lauta;UMBROSA;UMBROSA;FALSE;Godyridina
Godyris;lauta;n. ssp.;BANJANA-M;BANJANA-M;FALSE;Godyridina
Godyris;nepos;;LIBETHRIS;LIBETHRIS;FALSE;Godyridina
Godyris;nero;;AGNOSIA;AGNOSIA;FALSE;Godyridina
Godyris;panthyale;n. ssp. [1];PANTHYALE;PANTHYALE;FALSE;Godyridina
Godyris;panthyale;n. ssp. [2];BANJANA-M;BANJANA-M;FALSE;Godyridina
Godyris;panthyale;panthyale;PANTHYALE;PANTHYALE;FALSE;Godyridina
Godyris;sappho;sappho;BANJANA-M;BANJANA-M;FALSE;Godyridina
Godyris;sappho;tika;PANTHYALE;PANTHYALE;FALSE;Godyridina
Godyris;zavaleta;caesiopicta;DILUCIDA;MAMERCUS;TRUE;Godyridina
Godyris;zavaleta;eutelina;DOTO;DOTO;FALSE;Godyridina
Godyris;zavaleta;gonussa;EURIMEDIA;HERMIAS;TRUE;Godyridina
Godyris;zavaleta;huallaga;EURIMEDIA;EURIMEDIA;FALSE;Godyridina
Godyris;zavaleta;matronalis;EURIMEDIA;EURIMEDIA;FALSE;Godyridina
Godyris;zavaleta;n. ssp. [1];DILUCIDA;HERMIAS;TRUE;Godyridina
Godyris;zavaleta;n. ssp. [2];DILUCIDA;MAMERCUS;TRUE;Godyridina
Godyris;zavaleta;n. ssp. [3];EURIMEDIA;EURIMEDIA;FALSE;Godyridina
Godyris;zavaleta;n. ssp. [4];EURIMEDIA;EURIMEDIA;FALSE;Godyridina
Godyris;zavaleta;n. ssp. [5];EURIMEDIA;EURIMEDIA;FALSE;Godyridina
Godyris;zavaleta;n. ssp. [6];EURIMEDIA;EURIMEDIA;FALSE;Godyridina
Godyris;zavaleta;n. ssp. [8];EURIMEDIA;EURIMEDIA;FALSE;Godyridina
Godyris;zavaleta;n. ssp. [9];EURIMEDIA;EURIMEDIA;FALSE;Godyridina
Godyris;zavaleta;petersii;DILUCIDA;HERMIAS;TRUE;Godyridina
Godyris;zavaleta;rosata;EURIMEDIA;HERMIAS;TRUE;Godyridina
Godyris;zavaleta;sosunga;DILUCIDA;EXCELSA;TRUE;Godyridina
Godyris;zavaleta;telesilla;DILUCIDA;DILUCIDA;FALSE;Godyridina
Godyris;zavaleta;zavaleta;EURIMEDIA;EURIMEDIA;FALSE;Godyridina
Godyris;zavaleta;zygia;DILUCIDA;MAMERCUS;TRUE;Godyridina
Genus2;andromica;andania;AGNOSIA;AGNOSIA;FALSE;Godyridina
Genus2;andromica;andromica;AGNOSIA;AGNOSIA;FALSE;Godyridina
Genus2;andromica;dromica;AGNOSIA;AGNOSIA;FALSE;Godyridina
Genus2;andromica;lyra;AGNOSIA;AGNOSIA;FALSE;Godyridina
Genus2;andromica;n. ssp. [1];AGNOSIA;AGNOSIA;FALSE;Godyridina
Genus2;annette;annette;AGNOSIA;AGNOSIA;FALSE;Godyridina
Genus2;annette;championi;AGNOSIA;AGNOSIA;FALSE;Godyridina
Genus2;annette;moschion;AGNOSIA;AGNOSIA;FALSE;Godyridina
Greta;clavijoi;;AGNOSIA;AGNOSIA;FALSE;Godyridina
Greta;cubana;;AGNOSIA;AGNOSIA;FALSE;Godyridina
Greta;diaphanus;;AGNOSIA;AGNOSIA;FALSE;Godyridina
Greta;morgane;morgane;AGNOSIA;AGNOSIA;FALSE;Godyridina
Greta;morgane;oto;LERIDA;LERIDA;FALSE;Godyridina
Genus1;nsp1;;BANJANA-M;BANJANA-M;FALSE;Godyridina
Haenschia;derama;;LIBETHRIS;AGNOSIA;TRUE;Dircennina
Haenschia;sidonia;n. ssp.;OZIA;AGNOSIA;TRUE;Dircennina
Haenschia;sidonia;sidonia;AGNOSIA;AGNOSIA;FALSE;Dircennina
Heterosais;edessa;;LERIDA;LERIDA;FALSE;Godyridina
Heterosais;giulia;giulia;POLITA;POLITA;FALSE;Godyridina
Heterosais;giulia;pallidula;DILUCIDA;LERIDA;TRUE;Godyridina
Heterosais;nephele;gedera;LERIDA;LERIDA;FALSE;Godyridina
Heterosais;nephele;nephele;AGNOSIA;AGNOSIA;FALSE;Godyridina
Hyalenna;alidella;alidella;LIBETHRIS;LIBETHRIS;FALSE;Dircennina
Hyalenna;alidella;cinereola;AGNOSIA;AGNOSIA;FALSE;Dircennina
Hyalenna;alidella;dirama;LIBETHRIS;LIBETHRIS;FALSE;Dircennina
Hyalenna;alidella;exsulans;DILUCIDA;DILUCIDA;FALSE;Dircennina
Hyalenna;alidella;minna;OZIA;THABENA-F;TRUE;Dircennina
Hyalenna;alidella;scantilla;AGNOSIA;AGNOSIA;FALSE;Dircennina
Hyalenna;alidella;vesca;LIBETHRIS;LIBETHRIS;FALSE;Dircennina
Hyalenna;buckleyi;buckleyi;PANTHYALE;PANTHYALE;FALSE;Dircennina
Hyalenna;buckleyi;pomacocha;PANTHYALE;PANTHYALE;FALSE;Dircennina
Hyalenna;paradoxa;catenata;BANJANA-M;BANJANA-M;FALSE;Dircennina
Hyalenna;paradoxa;paradoxa;PANTHYALE;PANTHYALE;FALSE;Dircennina
Hyalenna;paradoxa;praestigiosa;PANTHYALE;PANTHYALE;FALSE;Dircennina
Hyalenna;pascua;;LERIDA;LERIDA;FALSE;Dircennina
Hyalenna;perasippa;ortygiosa;PANTHYALE;PANTHYALE;FALSE;Dircennina
Hyalenna;perasippa;perasippa;PANTHYALE;PANTHYALE;FALSE;Dircennina
Hyalenna;perasippa;solitaria;PANTHYALE;PANTHYALE;FALSE;Dircennina
Hyalenna;perasippa;valencia;PANTHYALE;PANTHYALE;FALSE;Dircennina
Hyalenna;sulmona;balsamica;LIBETHRIS;LIBETHRIS;FALSE;Dircennina
Hyalenna;sulmona;hyalina;PANTHYALE;PANTHYALE;FALSE;Dircennina
Hyalenna;sulmona;sulmona;TICIDAM;TICIDAM;FALSE;Dircennina
Hyalenna;sulmona;tersa;PANTHYALE;PANTHYALE;FALSE;Dircennina
Hyalyris;antea;achuar;PRAXILLA;PRAXILLA;FALSE;Napeogenina
Hyalyris;antea;amarilla;PRAXILLA;PRAXILLA;FALSE;Napeogenina
Hyalyris;antea;amarilla;MESTRA;MESTRA;FALSE;Napeogenina
Hyalyris;antea;antea;MESTRA;MESTRA;FALSE;Napeogenina
Hyalyris;antea;atagalpa;MESTRA;MESTRA;FALSE;Napeogenina
Hyalyris;antea;cana;MESTRA;MESTRA;FALSE;Napeogenina
Hyalyris;antea;flebilis;MESTRA;MESTRA;FALSE;Napeogenina
Hyalyris;antea;frater;MESTRA;MESTRA;FALSE;Napeogenina
Hyalyris;antea;frater;OCNA;OCNA;FALSE;Napeogenina
Hyalyris;antea;n. ssp. [1];EURIMEDIA;EURIMEDIA;FALSE;Napeogenina
Hyalyris;antea;n. ssp. [2];PRAXILLA;PRAXILLA;FALSE;Napeogenina
Hyalyris;antea;n. ssp. [3];PRAXILLA;PRAXILLA;FALSE;Napeogenina
Hyalyris;coeno;acceptabilis;OCNA;OCNA;FALSE;Napeogenina
Hyalyris;coeno;angustior;OZIA;OZIA;FALSE;Napeogenina
Hyalyris;coeno;aquilonia;MAMERCUS;MAMERCUS;FALSE;Napeogenina
Hyalyris;coeno;atrata;OCNA;OCNA;FALSE;Napeogenina
Hyalyris;coeno;avinoffi;MESTRA;MESTRA;FALSE;Napeogenina
Hyalyris;coeno;nssp4;OCNA;OCNA;FALSE;Napeogenina
Hyalyris;coeno;coeno;MESTRA;MESTRA;FALSE;Napeogenina
Hyalyris;coeno;florida;MAMERCUS;MAMERCUS;FALSE;Napeogenina
Hyalyris;coeno;n. ssp. [1];OCNA;OCNA;FALSE;Napeogenina
Hyalyris;coeno;norella;MAMERCUS;MAMERCUS;FALSE;Napeogenina
Hyalyris;coeno;norellana;MAMERCUS;MAMERCUS;FALSE;Napeogenina
Hyalyris;excelsa;decumana;EXCELSA;EXCELSA;FALSE;Napeogenina
Hyalyris;excelsa;excelsa;EXCELSA;EXCELSA;FALSE;Napeogenina
Hyalyris;excelsa;n. ssp. [1];EXCELSA;EXCELSA;FALSE;Napeogenina
Hyalyris;excelsa;n. ssp. [2];EXCELSA;EXCELSA;FALSE;Napeogenina
Hyalyris;excelsa;n. ssp. [3];EXCELSA;EXCELSA;FALSE;Napeogenina
Hyalyris;excelsa;tachira;EXCELSA;EXCELSA;FALSE;Napeogenina
Hyalyris;fiammetta;;LYSIMNIA;LYSIMNIA;FALSE;Napeogenina
Hyalyris;juninensis;juninensis;EURIMEDIA;EURIMEDIA;FALSE;Napeogenina
Hyalyris;latilimbata;;EURIMEDIA;EURIMEDIA;FALSE;Napeogenina
Hyalyris;leptalina;leptalina;HEMIXANTHE;HEMIXANTHE;FALSE;Napeogenina
Hyalyris;leptalina;n. ssp.;HEMIXANTHE;HEMIXANTHE;FALSE;Napeogenina
Hyalyris;mestra;fassli;MESTRA;MESTRA;FALSE;Napeogenina
Hyalyris;mestra;mestra;MESTRA;MESTRA;FALSE;Napeogenina
Hyalyris;mestra;n. ssp.;MESTRA;MESTRA;FALSE;Napeogenina
Hyalyris;mestra;n. ssp. [1];PRAXILLA;PRAXILLA;FALSE;Napeogenina
Hyalyris;mestra;personata;MESTRA;MESTRA;FALSE;Napeogenina
Hyalyris;yasunina;;HERMIAS;HERMIAS;FALSE;Napeogenina
Hyalyris;lactea;lactea;MESTRA;MESTRA;FALSE;Napeogenina
Hyalyris;lactea;crocata;MESTRA;MESTRA;FALSE;Napeogenina
Hyalyris;lactea;n. ssp. [4];PRAXILLA;PRAXILLA;FALSE;Napeogenina
Hyalyris;ocna;n. ssp. [1];OCNA;OCNA;FALSE;Napeogenina
Hyalyris;ocna;n. ssp. [2];MESTRA;MESTRA;FALSE;Napeogenina
Hyalyris;ocna;ocna;OCNA;OCNA;FALSE;Napeogenina
Hyalyris;oulita;metella;OCNA;MAMERCUS;TRUE;Napeogenina
Hyalyris;oulita;n. ssp. [2];DUESSA;DUESSA;FALSE;Napeogenina
Hyalyris;oulita;n. ssp. [3];OCNA;OCNA;FALSE;Napeogenina
Hyalyris;oulita;n. ssp. [4];OCNA;HERMIAS;TRUE;Napeogenina
Hyalyris;oulita;oulita;OCNA;OCNA;FALSE;Napeogenina
Hyalyris;oulita;tricolor;OCNA;OCNA;FALSE;Napeogenina
Hyalyris;praxilla;n. ssp. [1];PRAXILLA;PRAXILLA;FALSE;Napeogenina
Hyalyris;praxilla;praxilla;PRAXILLA;PRAXILLA;FALSE;Napeogenina
Hyalyris;schlingeri;;OCNA;OCNA;FALSE;Napeogenina
Hypoleria;adasa;adasa;LERIDA;LERIDA;FALSE;Godyridina
Hypoleria;alema;alema;OCNA;OCNA;FALSE;Godyridina
Hypoleria;alema;cajona;AGNOSIA;AGNOSIA;FALSE;Godyridina
Hypoleria;alema;chrysodonia;AURELIANA;AURELIANA;FALSE;Godyridina
Hypoleria;alema;consimilis;LERIDA;LERIDA;FALSE;Godyridina
Hypoleria;alema;garleppi;LERIDA;LERIDA;FALSE;Godyridina
Hypoleria;alema;ina;PRAXILLA;PRAXILLA;FALSE;Godyridina
Hypoleria;alema;ina;MESTRA;MESTRA;FALSE;Godyridina
Hypoleria;alema;indecora;LERIDA;LERIDA;FALSE;Godyridina
Hypoleria;alema;n. ssp. [2];EGRA;EGRA;FALSE;Godyridina
Hypoleria;alema;n. ssp. [4];EGRA;EGRA;FALSE;Godyridina
Hypoleria;alema;n. ssp. [5];OCNA;OCNA;FALSE;Godyridina
Hypoleria;alema;oreas;LERIDA;LERIDA;FALSE;Godyridina
Hypoleria;alema;proxima;LERIDA;LERIDA;FALSE;Godyridina
Hypoleria;asellia;;AGNOSIA;AGNOSIA;FALSE;Godyridina
Hypoleria;aureliana;;AURELIANA;AURELIANA;FALSE;Godyridina
Hypoleria;lavinia;cassotis;LERIDA;LERIDA;FALSE;Godyridina
Hypoleria;lavinia;lavinia;LERIDA;LERIDA;FALSE;Godyridina
Hypoleria;lavinia;libera;AMALDA;AMALDA;FALSE;Godyridina
Hypoleria;lavinia;meridana;AGNOSIA;AGNOSIA;FALSE;Godyridina
Hypoleria;lavinia;n. ssp. [1];LERIDA;LERIDA;FALSE;Godyridina
Hypoleria;lavinia;riffarthi;LERIDA;LERIDA;FALSE;Godyridina
Hypoleria;lavinia;vanilia;AMALDA;AMALDA;FALSE;Godyridina
Hypoleria;lavinia;vaniliana;AMALDA;AMALDA;FALSE;Godyridina
Hypoleria;mulviana;;EGRA;EGRA;FALSE;Godyridina
Hypoleria;ocalea;gephira;HERMIAS;HERMIAS;FALSE;Godyridina
Hypoleria;ocalea;ocalea;DILUCIDA;DILUCIDA;FALSE;Godyridina
Hypoleria;sarepta;cidonia;AURELIANA;AURELIANA;FALSE;Godyridina
Hypoleria;sarepta;famina;LERIDA;LERIDA;FALSE;Godyridina
Hypoleria;sarepta;goiana;LERIDA;LERIDA;FALSE;Godyridina
Hypoleria;sarepta;n. ssp. [3];LERIDA;LERIDA;FALSE;Godyridina
Hypoleria;sarepta;n. ssp. [4];EGRA;EGRA;FALSE;Godyridina
Hypoleria;sarepta;olerioides;LERIDA;LERIDA;FALSE;Godyridina
Hypoleria;sarepta;oriana;LERIDA;LERIDA;FALSE;Godyridina
Hypoleria;sarepta;sarepta;AURELIANA;AURELIANA;FALSE;Godyridina
Hypoleria;sarepta;virginia;LERIDA;LERIDA;FALSE;Godyridina
Hypoleria;sarepta;vitiosa;AGNOSIA;AGNOSIA;FALSE;Godyridina
Hypoleria;xenophis;;EURIMEDIA;EURIMEDIA;FALSE;Godyridina
Hypomenitis;alphesiboea;;DUILLIA;DUILLIA;FALSE;Godyridina
Hypomenitis;depauperata;depauperata;UMBROSA;UMBROSA;FALSE;Godyridina
Hypomenitis;depauperata;umbrosa;UMBROSA;UMBROSA;FALSE;Godyridina
Hypomenitis;dercetis;dercetis;LIBETHRIS;LIBETHRIS;FALSE;Godyridina
Hypomenitis;dercetis;n. ssp.;LIBETHRIS;LIBETHRIS;FALSE;Godyridina
Hypomenitis;enigma;enigma;PANTHYALE;PANTHYALE;FALSE;Godyridina
Hypomenitis;enigma;koechlini;PANTHYALE;PANTHYALE;FALSE;Godyridina
Hypomenitis;enigma;n. ssp. [2];PANTHYALE;PANTHYALE;FALSE;Godyridina
Hypomenitis;enigma;pseudortygia;PANTHYALE;PANTHYALE;FALSE;Godyridina
Hypomenitis;esula;esula;PANTHYALE;PANTHYALE;FALSE;Godyridina
Hypomenitis;gabiglooris;;AGNOSIA;AGNOSIA;FALSE;Godyridina
Hypomenitis;gardneri;devriesi;PANTHYALE;PANTHYALE;FALSE;Godyridina
Hypomenitis;gardneri;gardneri;BANJANA-M;BANJANA-M;FALSE;Godyridina
Hypomenitis;hermana;hermana;THEUDELINDA;THEUDELINDA;FALSE;Godyridina
Hypomenitis;hermana;joiceyi;THEUDELINDA;THEUDELINDA;FALSE;Godyridina
Hypomenitis;hermana;n. ssp. [2];HEWITSONI;HEWITSONI;FALSE;Godyridina
Hypomenitis;libethris;libethris;LIBETHRIS;LIBETHRIS;FALSE;Godyridina
Hypomenitis;libethris;n. ssp.;LIBETHRIS;LIBETHRIS;FALSE;Godyridina
Hypomenitis;lojana;;BANJANA-M;BANJANA-M;FALSE;Godyridina
Hypomenitis;lydia;;HEWITSONI;HEWITSONI;FALSE;Godyridina
Hypomenitis;nsp;;BANJANA-M;BANJANA-M;FALSE;Godyridina
Hypomenitis;nspC;;AGNOSIA;AGNOSIA;FALSE;Godyridina
Hypomenitis;candida;;AGNOSIA;AGNOSIA;FALSE;Godyridina
Hypomenitis;jamesiana;;PANTHYALE;PANTHYALE;FALSE;Godyridina
Hypomenitis;nspE;;LIBETHRIS;LIBETHRIS;FALSE;Godyridina
Hypomenitis;nspD;;PANTHYALE;PANTHYALE;FALSE;Godyridina
Hypomenitis;ochretis;n. ssp.;UMBROSA;UMBROSA;FALSE;Godyridina
Hypomenitis;ochretis;ochretis;UMBROSA;UMBROSA;FALSE;Godyridina
Hypomenitis;oneidodes;n. ssp. [1];HEWITSONI;HEWITSONI;FALSE;Godyridina
Hypomenitis;oneidodes;n. ssp. [2];THEUDELINDA;THEUDELINDA;FALSE;Godyridina
Hypomenitis;oneidodes;oneidodes;THEUDELINDA;THEUDELINDA;FALSE;Godyridina
Hypomenitis;ortygia;n. ssp. [2];PANTHYALE;PANTHYALE;FALSE;Godyridina
Hypomenitis;ortygia;n. ssp. [3];PANTHYALE;PANTHYALE;FALSE;Godyridina
Hypomenitis;ortygia;ortygia;PANTHYALE;PANTHYALE;FALSE;Godyridina
Hypomenitis;ortygia;pyrczi;PANTHYALE;PANTHYALE;FALSE;Godyridina
Hypomenitis;polissena;bolivariana;LIBETHRIS;LIBETHRIS;FALSE;Godyridina
Hypomenitis;polissena;colombiana;LIBETHRIS;LIBETHRIS;FALSE;Godyridina
Hypomenitis;polissena;polissena;AGNOSIA;AGNOSIA;FALSE;Godyridina
Hypomenitis;polissena;umbrana;AGNOSIA;AGNOSIA;FALSE;Godyridina
Hypomenitis;theudelinda;bonita;THEUDELINDA;THEUDELINDA;FALSE;Godyridina
Hypomenitis;theudelinda;cyrcilla;PANTHYALE;PANTHYALE;FALSE;Godyridina
Hypomenitis;theudelinda;n. ssp. [1];HEWITSONI;HEWITSONI;FALSE;Godyridina
Hypomenitis;theudelinda;n. ssp. [2];PANTHYALE;PANTHYALE;FALSE;Godyridina
Hypomenitis;theudelinda;theudelinda;THEUDELINDA;THEUDELINDA;FALSE;Godyridina
Hypomenitis;theudelinda;zalmunna;HEWITSONI;HEWITSONI;FALSE;Godyridina
Hyposcada;anchiala;abidula;ILLINISSA;ILLINISSA;FALSE;Oleriina
Hyposcada;anchiala;abidula;MAMERCUS;MAMERCUS;FALSE;Oleriina
Hyposcada;anchiala;anchiala;MAMERCUS;MAMERCUS;FALSE;Oleriina
Hyposcada;anchiala;cynara;MAMERCUS;MAMERCUS;FALSE;Oleriina
Hyposcada;anchiala;ecuadorina;MAMERCUS;MAMERCUS;FALSE;Oleriina
Hyposcada;anchiala;fallax;MOTHONE;MOTHONE;FALSE;Oleriina
Hyposcada;anchiala;interrupta;ORESTES;ORESTES;FALSE;Oleriina
Hyposcada;anchiala;kezia;MAELUS;MAELUS;FALSE;Oleriina
Hyposcada;anchiala;mendax;MOTHONE;MOTHONE;FALSE;Oleriina
Hyposcada;anchiala;n. ssp. [1];PARALLELIS;PARALLELIS;FALSE;Oleriina
Hyposcada;anchiala;rezia;MAELUS;MAELUS;FALSE;Oleriina
Hyposcada;anchiala;richardsi;ORESTES;ORESTES;FALSE;Oleriina
Hyposcada;attilodes;;SUSIANA;SUSIANA;FALSE;Oleriina
Hyposcada;dujardini;dujardini;LERIDA;LERIDA;FALSE;Oleriina
Hyposcada;dujardini;humboldti;AGNOSIA;AGNOSIA;FALSE;Oleriina
Hyposcada;gallardi;;MAMERCUS;MAMERCUS;FALSE;Oleriina
Hyposcada;illinissa;abida;PARALLELIS;PARALLELIS;FALSE;Oleriina
Hyposcada;illinissa;aesion;PARALLELIS;PARALLELIS;FALSE;Oleriina
Hyposcada;illinissa;brisotis;LERIDA;LERIDA;FALSE;Oleriina
Hyposcada;illinissa;cynthia;SINILIA;SINILIA;FALSE;Oleriina
Hyposcada;illinissa;dolabella;AGNOSIA;AGNOSIA;FALSE;Oleriina
Hyposcada;illinissa;ida;LERIDA;LERIDA;FALSE;Oleriina
Hyposcada;illinissa;idina;LERIDA;LERIDA;FALSE;Oleriina
Hyposcada;illinissa;ilerdinoides;LERIDA;LERIDA;FALSE;Oleriina
Hyposcada;illinissa;illinissa;ILLINISSA;ILLINISSA;FALSE;Oleriina
Hyposcada;illinissa;margarita;AURELIANA;AURELIANA;FALSE;Oleriina
Hyposcada;illinissa;n. ssp. [1];LERIDA;LERIDA;FALSE;Oleriina
Hyposcada;illinissa;n. ssp. [10];SINILIA;SINILIA;FALSE;Oleriina
Hyposcada;illinissa;n. ssp. [2];PARALLELIS;PARALLELIS;FALSE;Oleriina
Hyposcada;illinissa;n. ssp. [3];LERIDA;LERIDA;FALSE;Oleriina
Hyposcada;illinissa;n. ssp. [4];LERIDA;LERIDA;FALSE;Oleriina
Hyposcada;illinissa;n. ssp. [5];QUINTINA;QUINTINA;FALSE;Oleriina
Hyposcada;illinissa;n. ssp. [6];AURELIANA;AURELIANA;FALSE;Oleriina
Hyposcada;illinissa;n. ssp. [7];LERIDA;LERIDA;FALSE;Oleriina
Hyposcada;illinissa;n. ssp. [8];QUINTINA;QUINTINA;FALSE;Oleriina
Hyposcada;illinissa;n. ssp. [9];SINILIA;SINILIA;FALSE;Oleriina
Hyposcada;illinissa;napirida;SINILIA;SINILIA;FALSE;Oleriina
Hyposcada;illinissa;napoensis;SINILIA;SINILIA;FALSE;Oleriina
Hyposcada;illinissa;roberto;SINILIA;SINILIA;FALSE;Oleriina
Hyposcada;illinissa;sinilia;SINILIA;SINILIA;FALSE;Oleriina
Hyposcada;illinissa;tundayme;LERIDA;LERIDA;FALSE;Oleriina
Hyposcada;kena;flexibilis;LERIDA;LERIDA;FALSE;Oleriina
Hyposcada;kena;kena;LERIDA;LERIDA;FALSE;Oleriina
Hyposcada;kena;luisa;AGNOSIA;AGNOSIA;FALSE;Oleriina
Hyposcada;kena;n. ssp. [3];BANJANA-M;BANJANA-M;FALSE;Oleriina
Hyposcada;kena;n. ssp. [4];AGNOSIA;AGNOSIA;FALSE;Oleriina
Hyposcada;kena;n. ssp. [6];SINILIA;SINILIA;FALSE;Oleriina
Hyposcada;kena;n. ssp. [7];LERIDA;LERIDA;FALSE;Oleriina
Hyposcada;kena;n. ssp. [8];LERIDA;LERIDA;FALSE;Oleriina
Hyposcada;kena;virina;QUINTINA;QUINTINA;FALSE;Oleriina
Hyposcada;nsp;n. ssp. [1];LERIDA;LERIDA;FALSE;Oleriina
Hyposcada;nsp;n. ssp. [2];AGNOSIA;AGNOSIA;FALSE;Oleriina
Hyposcada;schausi;lactea;LERIDA;LERIDA;FALSE;Oleriina
Hyposcada;schausi;schausi;AMALDA;AMALDA;FALSE;Oleriina
Hyposcada;taliata;n. ssp.;BANJANA-M;BANJANA-M;FALSE;Oleriina
Hyposcada;taliata;taliata;SUSIANA;SUSIANA;FALSE;Oleriina
Hyposcada;virginiana;adelphina;PARALLELIS;PARALLELIS;FALSE;Oleriina
Hyposcada;virginiana;consobrina;HERMIAS;HERMIAS;FALSE;Oleriina
Hyposcada;virginiana;evanides;EXCELSA;EXCELSA;FALSE;Oleriina
Hyposcada;virginiana;neustetteri;HERMIAS;HERMIAS;FALSE;Oleriina
Hyposcada;virginiana;virginiana;MAMERCUS;MAMERCUS;FALSE;Oleriina
Hyposcada;zarepha;bonplandi;AGNOSIA;AGNOSIA;FALSE;Oleriina
Hyposcada;zarepha;n. ssp.;LERIDA;LERIDA;FALSE;Oleriina
Hyposcada;zarepha;pseudegra;EGRA;EGRA;FALSE;Oleriina
Hyposcada;zarepha;zarepha;LERIDA;LERIDA;FALSE;Oleriina
Hypothyris;anastasia;acreana;ORESTES;ORESTES;FALSE;Napeogenina
Hypothyris;anastasia;anastasia;MAELUS;MAELUS;FALSE;Napeogenina
Hypothyris;anastasia;anastasina;MAELUS;MAELUS;FALSE;Napeogenina
Hypothyris;anastasia;bicolora;MOTHONE;MOTHONE;FALSE;Napeogenina
Hypothyris;anastasia;castanea;MAELUS;MAELUS;FALSE;Napeogenina
Hypothyris;anastasia;honesta;MAMERCUS;MAMERCUS;FALSE;Napeogenina
Hypothyris;anastasia;n. ssp. [1];MOTHONE;MOTHONE;FALSE;Napeogenina
Hypothyris;anastasia;n. ssp. [2];ORESTES;ORESTES;FALSE;Napeogenina
Hypothyris;anastasia;niphas;HERMIAS;HERMIAS;FALSE;Napeogenina
Hypothyris;anastasia;porsenna;MAMERCUS;MAMERCUS;FALSE;Napeogenina
Hypothyris;cantobrica;cantobrica;MAMERCUS;MAMERCUS;FALSE;Napeogenina
Hypothyris;cantobrica;carvalhoi;HERMIAS;HERMIAS;FALSE;Napeogenina
Hypothyris;cantobrica;n. ssp. [4];MAMERCUS;MAMERCUS;FALSE;Napeogenina
Hypothyris;cantobrica;nundina;MAMERCUS;MAMERCUS;FALSE;Napeogenina
Hypothyris;cantobrica;schunkeae;HERMIAS;HERMIAS;FALSE;Napeogenina
Hypothyris;daphnis;amapaensis;MAMERCUS;MAMERCUS;FALSE;Napeogenina
Hypothyris;daphnis;clenchi;HERMIAS;HERMIAS;FALSE;Napeogenina
Hypothyris;daphnis;daphnis;HERMIAS;HERMIAS;FALSE;Napeogenina
Hypothyris;daphnis;daphnoides;HERMIAS;HERMIAS;FALSE;Napeogenina
Hypothyris;euclea;barii;HERMIAS;HERMIAS;FALSE;Napeogenina
Hypothyris;euclea;caldasensis;HERMIAS;HERMIAS;FALSE;Napeogenina
Hypothyris;euclea;callanga;ORESTES;ORESTES;FALSE;Napeogenina
Hypothyris;euclea;euclea;HERMIAS;HERMIAS;FALSE;Napeogenina
Hypothyris;euclea;forbesi;DOTO;DOTO;FALSE;Napeogenina
Hypothyris;euclea;intermedia;HERMIAS;HERMIAS;FALSE;Napeogenina
Hypothyris;euclea;laphria;HERMIAS;HERMIAS;FALSE;Napeogenina
Hypothyris;euclea;micheneri;HERMIAS;HERMIAS;FALSE;Napeogenina
Hypothyris;euclea;n. ssp. [1];PARALLELIS;PARALLELIS;FALSE;Napeogenina
Hypothyris;euclea;n. ssp. [1];HERMIAS;HERMIAS;FALSE;Napeogenina
Hypothyris;euclea;n. ssp. [2];HERMIAS;HERMIAS;FALSE;Napeogenina
Hypothyris;euclea;n. ssp. [3];MAMERCUS;MAMERCUS;FALSE;Napeogenina
Hypothyris;euclea;n. ssp. [4];ORESTES;ORESTES;FALSE;Napeogenina
Hypothyris;euclea;n. ssp. [6];MAMERCUS;MAMERCUS;FALSE;Napeogenina
Hypothyris;euclea;nina;HERMIAS;HERMIAS;FALSE;Napeogenina
Hypothyris;euclea;peruviana;MAMERCUS;MAMERCUS;FALSE;Napeogenina
Hypothyris;euclea;peruviana;HERMIAS;HERMIAS;FALSE;Napeogenina
Hypothyris;euclea;philetaera;MAMERCUS;MAMERCUS;FALSE;Napeogenina
Hypothyris;euclea;pyrippe;MAMERCUS;MAMERCUS;FALSE;Napeogenina
Hypothyris;euclea;valora;HERMIAS;HERMIAS;FALSE;Napeogenina
Hypothyris;euclea;valora;PARALLELIS;PARALLELIS;FALSE;Napeogenina
Hypothyris;fluonia;baiochii;HERMIAS;HERMIAS;FALSE;Napeogenina
Hypothyris;fluonia;berna;HERMIAS;HERMIAS;FALSE;Napeogenina
Hypothyris;fluonia;flavigera;MAELUS;MAELUS;FALSE;Napeogenina
Hypothyris;fluonia;fluonia;MAELUS;MAELUS;FALSE;Napeogenina
Hypothyris;fluonia;fulvifascia;MAMERCUS;MAMERCUS;FALSE;Napeogenina
Hypothyris;fluonia;hygia;MAMERCUS;MAMERCUS;FALSE;Napeogenina
Hypothyris;fluonia;iberina;MAMERCUS;MAMERCUS;FALSE;Napeogenina
Hypothyris;fluonia;manaos;HERMIAS;HERMIAS;FALSE;Napeogenina
Hypothyris;fluonia;n. ssp. [1];MAMERCUS;MAMERCUS;FALSE;Napeogenina
Hypothyris;fluonia;n. ssp. [2];ORESTES;ORESTES;FALSE;Napeogenina
Hypothyris;fluonia;n. ssp. [3];MAELUS;MAELUS;FALSE;Napeogenina
Hypothyris;fluonia;n. ssp. [5];MAMERCUS;MAMERCUS;FALSE;Napeogenina
Hypothyris;fluonia;pantherina;MAELUS;MAELUS;FALSE;Napeogenina
Hypothyris;fluonia;pardalina;MAELUS;MAELUS;FALSE;Napeogenina
Hypothyris;fluonia;rowena;MAMERCUS;MAMERCUS;FALSE;Napeogenina
Hypothyris;fluonia;seminigra;ORESTES;ORESTES;FALSE;Napeogenina
Hypothyris;fluonia;uchiza;MAMERCUS;MAMERCUS;FALSE;Napeogenina
Hypothyris;fluonia;viola;MAELUS;MAELUS;FALSE;Napeogenina
Hypothyris;fluonia;violantilla;MAMERCUS;MAMERCUS;FALSE;Napeogenina
Hypothyris;gemella;gemella;DOTO;DOTO;FALSE;Napeogenina
Hypothyris;leprieuri;catilla;DUESSA;DUESSA;FALSE;Napeogenina
Hypothyris;leprieuri;ignorata;HERMIAS;HERMIAS;FALSE;Napeogenina
Hypothyris;leprieuri;michaelisi;HERMIAS;HERMIAS;FALSE;Napeogenina
Hypothyris;leprieuri;n. ssp. [1];MAMERCUS;MAMERCUS;FALSE;Napeogenina
Hypothyris;leprieuri;n. ssp. [2];HERMIAS;HERMIAS;FALSE;Napeogenina
Hypothyris;leprieuri;n. ssp. [6];DUESSA;DUESSA;FALSE;Napeogenina
Hypothyris;leprieuri;ninyas;DOTO;DOTO;FALSE;Napeogenina
Hypothyris;lycaste;antonia;MAMERCUS;MAMERCUS;FALSE;Napeogenina
Hypothyris;lycaste;callispila;MAMERCUS;HERMIAS;TRUE;Napeogenina
Hypothyris;lycaste;dionaea;HERMIAS;HERMIAS;FALSE;Napeogenina
Hypothyris;lycaste;fraterna;HERMIAS;HERMIAS;FALSE;Napeogenina
Hypothyris;lycaste;glabra;HERMIAS;HERMIAS;FALSE;Napeogenina
Hypothyris;lycaste;limosa;HERMIAS;HERMIAS;FALSE;Napeogenina
Hypothyris;lycaste;limpida;DILUCIDA;DILUCIDA;FALSE;Napeogenina
Hypothyris;lycaste;lycaste;HERMIAS;HERMIAS;FALSE;Napeogenina
Hypothyris;lycaste;lycaste;MAMERCUS;MAMERCUS;FALSE;Napeogenina
Hypothyris;lycaste;megalopolis;MAMERCUS;MAMERCUS;FALSE;Napeogenina
Hypothyris;lycaste;mergelena;DILUCIDA;DILUCIDA;FALSE;Napeogenina
Hypothyris;lycaste;n. ssp. [1];EXCELSA;EXCELSA;FALSE;Napeogenina
Hypothyris;lycaste;n. ssp. [2];HERMIAS;HERMIAS;FALSE;Napeogenina
Hypothyris;maenas;maenas;MOTHONE;MOTHONE;FALSE;Napeogenina
Hypothyris;maenas;n. ssp. [2];MAMERCUS;MAMERCUS;FALSE;Napeogenina
Hypothyris;moebiusi;moebiusi;MAMERCUS;MAMERCUS;FALSE;Napeogenina
Hypothyris;moebiusi;n. ssp.;MAMERCUS;MAMERCUS;FALSE;Napeogenina
Hypothyris;moebiusi;unicolora;MOTHONE;MOTHONE;FALSE;Napeogenina
Hypothyris;nsp;;MOTHONE;MOTHONE;FALSE;Napeogenina
Hypothyris;ninonia;aetha;MAELUS;MAELUS;FALSE;Napeogenina
Hypothyris;mamercus;amica;MAMERCUS;MAMERCUS;FALSE;Napeogenina
Hypothyris;ninonia;antonina;HERMIAS;HERMIAS;FALSE;Napeogenina
Hypothyris;ninonia;apollinis;MAMERCUS;MAMERCUS;FALSE;Napeogenina
Hypothyris;ninonia;caquetacola;MAMERCUS;MAMERCUS;FALSE;Napeogenina
Hypothyris;ninonia;colophonia;DOTO;DOTO;FALSE;Napeogenina
Hypothyris;ninonia;completa;HERMIAS;HERMIAS;FALSE;Napeogenina
Hypothyris;ninonia;completomaculata;HERMIAS;HERMIAS;FALSE;Napeogenina
Hypothyris;ninonia;connexa;MAMERCUS;MAMERCUS;FALSE;Napeogenina
Hypothyris;ninonia;cornelie;MAMERCUS;MAMERCUS;FALSE;Napeogenina
Hypothyris;ninonia;daeta;LYSIMNIA;LYSIMNIA;FALSE;Napeogenina
Hypothyris;ninonia;daetina;LYSIMNIA;LYSIMNIA;FALSE;Napeogenina
Hypothyris;ninonia;deemae;MAMERCUS;MAMERCUS;FALSE;Napeogenina
Hypothyris;ninonia;diphes;MAMERCUS;MAMERCUS;FALSE;Napeogenina
Hypothyris;ninonia;fimbria;HERMIAS;HERMIAS;FALSE;Napeogenina
Hypothyris;ninonia;klotsi;MAMERCUS;MAMERCUS;FALSE;Napeogenina
Hypothyris;ninonia;latefasciata;MAMERCUS;MAMERCUS;FALSE;Napeogenina
Hypothyris;ninonia;latipennis;MAMERCUS;MAMERCUS;FALSE;Napeogenina
Hypothyris;ninonia;lema;HERMIAS;HERMIAS;FALSE;Napeogenina
Hypothyris;mamercus;mamercus;MAMERCUS;MAMERCUS;FALSE;Napeogenina
Hypothyris;mansuetus;mansuetus;MAMERCUS;MAMERCUS;FALSE;Napeogenina
Hypothyris;mansuetus;meterus;MOTHONE;MOTHONE;FALSE;Napeogenina
Hypothyris;ninonia;mutilla;MAMERCUS;MAMERCUS;FALSE;Napeogenina
Hypothyris;ninonia;mysotis;DOTO;DOTO;FALSE;Napeogenina
Hypothyris;ninonia;n. ssp.;MOTHONE;MOTHONE;FALSE;Napeogenina
Hypothyris;ninonia;n. ssp. [1];HERMIAS;HERMIAS;FALSE;Napeogenina
Hypothyris;ninonia;n. ssp. [2];MOTHONE;MOTHONE;FALSE;Napeogenina
Hypothyris;ninonia;n. ssp. [3];ORESTES;ORESTES;FALSE;Napeogenina
Hypothyris;ninonia;n. ssp. [4];HERMIAS;HERMIAS;FALSE;Napeogenina
Hypothyris;ninonia;n. ssp. [5];HERMIAS;HERMIAS;FALSE;Napeogenina
Hypothyris;ninonia;n. ssp. [9];MAMERCUS;MAMERCUS;FALSE;Napeogenina
Hypothyris;ninonia;neimyi;HERMIAS;HERMIAS;FALSE;Napeogenina
Hypothyris;ninonia;ninonia;HERMIAS;HERMIAS;FALSE;Napeogenina
Hypothyris;ninonia;pellucida;HERMIAS;HERMIAS;FALSE;Napeogenina
Hypothyris;ninonia;poemne;HERMIAS;HERMIAS;FALSE;Napeogenina
Hypothyris;ninonia;polymnides;MAMERCUS;MAMERCUS;FALSE;Napeogenina
Hypothyris;ninonia;zephyrus;MAMERCUS;MAMERCUS;FALSE;Napeogenina
Hypothyris;semifulva;angelina;MAELUS;MAELUS;FALSE;Napeogenina
Hypothyris;semifulva;dalmeidai;MAMERCUS;MAMERCUS;FALSE;Napeogenina
Hypothyris;semifulva;fulminans;HERMIAS;HERMIAS;FALSE;Napeogenina
Hypothyris;semifulva;meteroides;MOTHONE;MOTHONE;FALSE;Napeogenina
Hypothyris;semifulva;n. ssp.;ORESTES;ORESTES;FALSE;Napeogenina
Hypothyris;semifulva;pallisteri;MAMERCUS;MAMERCUS;FALSE;Napeogenina
Hypothyris;semifulva;putumayoensis;MAMERCUS;MAMERCUS;FALSE;Napeogenina
Hypothyris;semifulva;satura;HERMIAS;HERMIAS;FALSE;Napeogenina
Hypothyris;semifulva;semifulva;MOTHONE;MOTHONE;FALSE;Napeogenina
Hypothyris;semifulva;soror;MAMERCUS;MAMERCUS;FALSE;Napeogenina
Hypothyris;semifulva;virgilini;ORESTES;ORESTES;FALSE;Napeogenina
Hypothyris;thea;n. ssp. [1];DUESSA;DUESSA;FALSE;Napeogenina
Hypothyris;thea;thea;HERMIAS;HERMIAS;FALSE;Napeogenina
Hypothyris;thea;theatina;HERMIAS;HERMIAS;FALSE;Napeogenina
Hypothyris;vallonia;glycon;HERMIAS;HERMIAS;FALSE;Napeogenina
Hypothyris;vallonia;n. ssp. [2];HERMIAS;HERMIAS;FALSE;Napeogenina
Hypothyris;vallonia;vallonia;DOTO;DOTO;FALSE;Napeogenina
Hypothyris;xanthostola;desmora;HERMIAS;HERMIAS;FALSE;Napeogenina
Hypothyris;xanthostola;n. ssp.;MAMERCUS;MAMERCUS;FALSE;Napeogenina
Hypothyris;xanthostola;xanthostola;HERMIAS;HERMIAS;FALSE;Napeogenina
Ithomia;adelinda;adelinda;PRAXILLA;PRAXILLA;FALSE;Ithomiina
Ithomia;adelinda;linda;MESTRA;MESTRA;FALSE;Ithomiina
Ithomia;adelinda;peruana;CONFUSA;CONFUSA;FALSE;Ithomiina
Ithomia;adelinda;theuda;PRAXILLA;PRAXILLA;FALSE;Ithomiina
Ithomia;adelinda;theuda;MESTRA;MESTRA;FALSE;Ithomiina
Ithomia;agnosia;agnosia;AGNOSIA;AGNOSIA;FALSE;Ithomiina
Ithomia;agnosia;n. ssp.;AGNOSIA;AGNOSIA;FALSE;Ithomiina
Ithomia;agnosia;napho;AGNOSIA;AGNOSIA;FALSE;Ithomiina
Ithomia;agnosia;pellucida;LERIDA;LERIDA;FALSE;Ithomiina
Ithomia;agnosia;zikani;LERIDA;LERIDA;FALSE;Ithomiina
Ithomia;amarilla;;EURIMEDIA;EURIMEDIA;FALSE;Ithomiina
Ithomia;arduinna;arduinna;AGNOSIA;AGNOSIA;FALSE;Ithomiina
Ithomia;arduinna;n. ssp. [1];AGNOSIA;AGNOSIA;FALSE;Ithomiina
Ithomia;arduinna;n. ssp. [2];AGNOSIA;AGNOSIA;FALSE;Ithomiina
Ithomia;avella;adamsi;BANJANA-M;BANJANA-M;FALSE;Ithomiina
Ithomia;avella;avella;BANJANA-M;BANJANA-M;FALSE;Ithomiina
Ithomia;avella;cesleria;BANJANA-M;BANJANA-M;FALSE;Ithomiina
Ithomia;avella;epona;HEWITSONI;HEWITSONI;FALSE;Ithomiina
Ithomia;avella;epona;TICIDAM;HEWITSONI;TRUE;Ithomiina
Ithomia;avella;miraculosa;PANTHYALE;PANTHYALE;FALSE;Ithomiina
Ithomia;avella;n. ssp.;BANJANA-M;BANJANA-M;FALSE;Ithomiina
Ithomia;celemia;celemia;HERMIAS;HERMIAS;FALSE;Ithomiina
Ithomia;celemia;celemia;PARALLELIS;PARALLELIS;FALSE;Ithomiina
Ithomia;celemia;lurida;HERMIAS;HERMIAS;FALSE;Ithomiina
Ithomia;celemia;n. ssp.;MAMERCUS;MAMERCUS;FALSE;Ithomiina
Ithomia;celemia;plaginota;MAMERCUS;MAMERCUS;FALSE;Ithomiina
Ithomia;cleora;;MANTINEUS;HERMIAS;TRUE;Ithomiina
Ithomia;cleora;;MANTINEUS;MANTINEUS;FALSE;Ithomiina
Ithomia;diasia;diasia;LERIDA;LERIDA;FALSE;Ithomiina
Ithomia;diasia;galata;LERIDA;LERIDA;FALSE;Ithomiina
Ithomia;diasia;hippocrenis;LERIDA;LERIDA;FALSE;Ithomiina
Ithomia;diasia;leucophaena;LERIDA;LERIDA;FALSE;Ithomiina
Ithomia;diasia;morena;LERIDA;LERIDA;FALSE;Ithomiina
Ithomia;diasia;ossuna;AMALDA;AMALDA;FALSE;Ithomiina
Ithomia;drymo;;LERIDA;LERIDA;FALSE;Ithomiina
Ithomia;eleonora;;BANJANA-M;SUSIANA;TRUE;Ithomiina
Ithomia;ellara;;BANJANA-M;SUSIANA;TRUE;Ithomiina
Ithomia;heraldica;heraldica;MAMERCUS;MAMERCUS;FALSE;Ithomiina
Ithomia;heraldica;n. ssp.;MAMERCUS;MAMERCUS;FALSE;Ithomiina
Ithomia;hyala;hyala;LERIDA;LERIDA;FALSE;Ithomiina
Ithomia;hyala;n. ssp.;AGNOSIA;AGNOSIA;FALSE;Ithomiina
Ithomia;hyala;sincerus;LERIDA;LERIDA;FALSE;Ithomiina
Ithomia;hymettia;hymettia;BANJANA-M;BANJANA-M;FALSE;Ithomiina
Ithomia;hymettia;n. ssp.;AGNOSIA;AGNOSIA;FALSE;Ithomiina
Ithomia;iphianassa;alienassa;POLITA;POLITA;FALSE;Ithomiina
Ithomia;iphianassa;anaphissa;MAMERCUS;MAMERCUS;FALSE;Ithomiina
Ithomia;iphianassa;anaphissa;HERMIAS;HERMIAS;FALSE;Ithomiina
Ithomia;iphianassa;ethilla;HERMIAS;HERMIAS;FALSE;Ithomiina
Ithomia;iphianassa;iphianassa;HERMIAS;HERMIAS;FALSE;Ithomiina
Ithomia;iphianassa;n. ssp.;DILUCIDA;DILUCIDA;FALSE;Ithomiina
Ithomia;iphianassa;panamensis;MAMERCUS;MAMERCUS;FALSE;Ithomiina
Ithomia;iphianassa;phanessa;HERMIAS;HERMIAS;FALSE;Ithomiina
Ithomia;jucunda;bolivari;LERIDA;LERIDA;FALSE;Ithomiina
Ithomia;jucunda;centromaculata;AMALDA;AMALDA;FALSE;Ithomiina
Ithomia;jucunda;jucunda;AMALDA;AMALDA;FALSE;Ithomiina
Ithomia;jucunda;lamasi;LERIDA;LERIDA;FALSE;Ithomiina
Ithomia;jucunda;n. ssp.;AMALDA;AMALDA;FALSE;Ithomiina
Ithomia;lagusa;lagusa;DILUCIDA;DILUCIDA;FALSE;Ithomiina
Ithomia;leila;;LERIDA;LERIDA;FALSE;Ithomiina
Ithomia;lichyi;dalmeidai;AGNOSIA;AGNOSIA;FALSE;Ithomiina
Ithomia;lichyi;lichyi;LERIDA;LERIDA;FALSE;Ithomiina
Ithomia;lichyi;neivai;LERIDA;LERIDA;FALSE;Ithomiina
Ithomia;patilla;;LERIDA;LERIDA;FALSE;Ithomiina
Ithomia;praeithomia;n. ssp.;BANJANA-M;BANJANA-M;FALSE;Ithomiina
Ithomia;praeithomia;praeithomia;BANJANA-M;SUSIANA;TRUE;Ithomiina
Ithomia;pseudoagalla;;DILUCIDA;DILUCIDA;FALSE;Ithomiina
Ithomia;salapia;aquinia;EURIMEDIA;EURIMEDIA;FALSE;Ithomiina
Ithomia;salapia;ardea;AGNOSIA;AGNOSIA;FALSE;Ithomiina
Ithomia;salapia;ardea;EURIMEDIA;EURIMEDIA;FALSE;Ithomiina
Ithomia;salapia;derasa;EURIMEDIA;EURIMEDIA;FALSE;Ithomiina
Ithomia;salapia;diaphana;EURIMEDIA;EURIMEDIA;FALSE;Ithomiina
Ithomia;salapia;salapia;EURIMEDIA;EURIMEDIA;FALSE;Ithomiina
Ithomia;terraEAST;oenanthe;BANJANA-M;BANJANA-M;FALSE;Ithomiina
Ithomia;terraEAST;terra;AGNOSIA;AGNOSIA;FALSE;Ithomiina
Ithomia;terraEAST;terra;BANJANA-M;BANJANA-M;FALSE;Ithomiina
Ithomia;terra;terrana;AGNOSIA;AGNOSIA;FALSE;Ithomiina
Ithomia;terra;vulcana;LERIDA;LERIDA;FALSE;Ithomiina
Ithomia;xenos;n. ssp.;EXCELSA;EXCELSA;FALSE;Ithomiina
Ithomia;xenos;xenos;DILUCIDA;DILUCIDA;FALSE;Ithomiina
Mcclungia;cymo;collenettei;MAMERCUS;MAMERCUS;FALSE;Godyridina
Mcclungia;cymo;cymo;EGRA;EGRA;FALSE;Godyridina
Mcclungia;cymo;salonina;EURIMEDIA;EURIMEDIA;FALSE;Godyridina
Mcclungia;cymo;subtilis;EURIMEDIA;EURIMEDIA;FALSE;Godyridina
Mcclungia;cymo;trepotis;EURIMEDIA;EURIMEDIA;FALSE;Godyridina
Mcclungia;cymo;trepotis;AGNOSIA;AGNOSIA;FALSE;Godyridina
Mcclungia;cymo;wana;EURIMEDIA;EURIMEDIA;FALSE;Godyridina
Mcclungia;cymo;wana;SINILIA;SINILIA;FALSE;Godyridina
Mechanitis;mazaeus;dorissides;MAELUS;MAELUS;FALSE;Mechanitina
Mechanitis;polymnia;egaensis;MAELUS;MAELUS;FALSE;Mechanitina
Mechanitis;mazaeus;eurydice;HERMIAS;HERMIAS;FALSE;Mechanitina
Mechanitis;mazaeus;n. ssp. [2];HERMIAS;HERMIAS;FALSE;Mechanitina
Mechanitis;mazaeus;n. ssp. [3];HERMIAS;HERMIAS;FALSE;Mechanitina
Mechanitis;mazaeus;n. ssp. [4];HERMIAS;HERMIAS;FALSE;Mechanitina
Mechanitis;mazaeus;n. ssp. [7];HERMIAS;HERMIAS;FALSE;Mechanitina
Mechanitis;mazaeus;neukircheni;HERMIAS;HERMIAS;FALSE;Mechanitina
Mechanitis;mazaeus;proceriformis;HERMIAS;HERMIAS;FALSE;Mechanitina
Mechanitis;menapis;doryssus;HERMIAS;HERMIAS;FALSE;Mechanitina
Mechanitis;menapis;n. ssp.;HERMIAS;HERMIAS;FALSE;Mechanitina
Mechanitis;menapis;saturata;HERMIAS;HERMIAS;FALSE;Mechanitina
Mechanitis;menapis;elisa;MAMERCUS;MAMERCUS;FALSE;Mechanitina
Mechanitis;menapis;menecles;MAMERCUS;MAMERCUS;FALSE;Mechanitina
Mechanitis;menapis;n. ssp. [3];HERMIAS;HERMIAS;FALSE;Mechanitina
Mechanitis;menapis;ocona;HERMIAS;HERMIAS;FALSE;Mechanitina
Mechanitis;menapis;roqueensis;HERMIAS;HERMIAS;FALSE;Mechanitina
Mechanitis;polymnia;caucaensis;DILUCIDA;DILUCIDA;FALSE;Mechanitina
Mechanitis;polymnia;chimborazona;MAMERCUS;MAMERCUS;FALSE;Mechanitina
Mechanitis;polymnia;isthmia;EXCELSA;MAMERCUS;TRUE;Mechanitina
Mechanitis;polymnia;kayei;HERMIAS;HERMIAS;FALSE;Mechanitina
Mechanitis;polymnia;lycidice;MAMERCUS;MAMERCUS;FALSE;Mechanitina
Mechanitis;polymnia;veritabilis;HERMIAS;HERMIAS;FALSE;Mechanitina
Mechanitis;polymnia;werneri;MAMERCUS;MAMERCUS;FALSE;Mechanitina
Mechanitis;lysimnia;lysimnia;LYSIMNIA;LYSIMNIA;FALSE;Mechanitina
Mechanitis;lysimnia;nesaea;HERMIAS;HERMIAS;FALSE;Mechanitina
Mechanitis;macrinus;;MAMERCUS;MAMERCUS;FALSE;Mechanitina
Mechanitis;menapis;;MANTINEUS;MANTINEUS;FALSE;Mechanitina
Mechanitis;mazaeus;fallax;HERMIAS;HERMIAS;FALSE;Mechanitina
Mechanitis;mazaeus;mazaeus;MAELUS;MAELUS;FALSE;Mechanitina
Mechanitis;mazaeus;mazaeus;MAMERCUS;MAMERCUS;FALSE;Mechanitina
Mechanitis;mazaeus;mazaeus;HERMIAS;HERMIAS;FALSE;Mechanitina
Mechanitis;mazaeus;n. ssp. [3];MAELUS;MAELUS;FALSE;Mechanitina
Mechanitis;mazaeus;pothetoides;MAMERCUS;MAMERCUS;FALSE;Mechanitina
Mechanitis;mazaeus;visenda;HERMIAS;HERMIAS;FALSE;Mechanitina
Mechanitis;menapis;caribensis;HERMIAS;HERMIAS;FALSE;Mechanitina
Mechanitis;menapis;dariensis;MAMERCUS;MAMERCUS;FALSE;Mechanitina
Mechanitis;menapis;menapis;DILUCIDA;DILUCIDA;FALSE;Mechanitina
Mechanitis;menapis;menapis;MAMERCUS;MAMERCUS;FALSE;Mechanitina
Mechanitis;menapis;occasiva;DILUCIDA;DILUCIDA;FALSE;Mechanitina
Mechanitis;messenoides;deceptus;MOTHONE;MOTHONE;FALSE;Mechanitina
Mechanitis;messenoides;holmgreni;MOTHONE;MOTHONE;FALSE;Mechanitina
Mechanitis;messenoides;messenoides;MAMERCUS;MAMERCUS;FALSE;Mechanitina
Mechanitis;mazaeus;beebei;HERMIAS;HERMIAS;FALSE;Mechanitina
Mechanitis;mazaeus;lanei;HERMIAS;HERMIAS;FALSE;Mechanitina
Mechanitis;mazaeus;pannifera;MAMERCUS;MAMERCUS;FALSE;Mechanitina
Mechanitis;polymnia;angustifascia;MAMERCUS;MAMERCUS;FALSE;Mechanitina
Mechanitis;polymnia;apicenotata;HERMIAS;HERMIAS;FALSE;Mechanitina
Mechanitis;polymnia;bolivarensis;HERMIAS;HERMIAS;FALSE;Mechanitina
Mechanitis;polymnia;casabranca;HERMIAS;HERMIAS;FALSE;Mechanitina
Mechanitis;polymnia;limnaea;HERMIAS;HERMIAS;FALSE;Mechanitina
Mechanitis;polymnia;mauensis;MAELUS;MAELUS;FALSE;Mechanitina
Mechanitis;polymnia;n. ssp. [6];MAELUS;MAELUS;FALSE;Mechanitina
Mechanitis;polymnia;polymnia;HERMIAS;HERMIAS;FALSE;Mechanitina
Mechanitis;lysimnia;labotas;HERMIAS;MAMERCUS;TRUE;Mechanitina
Mechanitis;lysimnia;solaria;HERMIAS;HERMIAS;FALSE;Mechanitina
Mechanitis;lysimnia;utemaia;HERMIAS;HERMIAS;FALSE;Mechanitina
Megoleria;orestilla;n. ssp.;SUSIANA;SUSIANA;FALSE;Oleriina
Megoleria;orestilla;orestilla;BANJANA-M;BANJANA-M;FALSE;Oleriina
Megoleria;orestilla;polymacula;SUSIANA;SUSIANA;FALSE;Oleriina
Megoleria;susiana;sandra;SUSIANA;SUSIANA;FALSE;Oleriina
Megoleria;susiana;susanna;SUSIANA;SUSIANA;FALSE;Oleriina
Megoleria;susiana;susiana;SUSIANA;SUSIANA;FALSE;Oleriina
Melinaea;mnasias;abitagua;HERMIAS;HERMIAS;FALSE;Melinaeina
Melinaea;satevis;aurantia;HERMIAS;HERMIAS;FALSE;Melinaeina
Melinaea;marsaeus;clara;ORESTES;ORESTES;FALSE;Melinaeina
Melinaea;menophilus;cocana;MAMERCUS;MAMERCUS;FALSE;Melinaeina
Melinaea;mnasias;comma;MAMERCUS;MAMERCUS;FALSE;Melinaeina
Melinaea;satevis;crameri;MAMERCUS;MAMERCUS;FALSE;Melinaeina
Melinaea;satevis;cydon;MAELUS;MAELUS;FALSE;Melinaeina
Melinaea;lilis;dodona;HERMIAS;HERMIAS;FALSE;Melinaeina
Melinaea;menophilus;ernestoi;MAMERCUS;MAMERCUS;FALSE;Melinaeina
Melinaea;lilis;ezra;HERMIAS;HERMIAS;FALSE;Melinaeina
Melinaea;lilis;flavicans;HERMIAS;HERMIAS;FALSE;Melinaeina
Melinaea;satevis;flavomacula;MAELUS;MAELUS;FALSE;Melinaeina
Melinaea;menophilus;hicetas;HERMIAS;HERMIAS;FALSE;Melinaeina
Melinaea;idae;idae;MAMERCUS;MAMERCUS;FALSE;Melinaeina
Melinaea;lilis;imitata;HERMIAS;HERMIAS;FALSE;Melinaeina
Melinaea;isocomma;isocomma;MAMERCUS;MAMERCUS;FALSE;Melinaeina
Melinaea;lilis;kayei;MAMERCUS;MAMERCUS;FALSE;Melinaeina
Melinaea;satevis;lamasi;ORESTES;ORESTES;FALSE;Melinaeina
Melinaea;lilis;lateapicalis;HERMIAS;HERMIAS;FALSE;Melinaeina
Melinaea;lilis;lilis;HERMIAS;HERMIAS;FALSE;Melinaeina
Melinaea;mnasias;lucifer;MAMERCUS;MAMERCUS;FALSE;Melinaeina
Melinaea;ludovica;ludovica;HERMIAS;HERMIAS;FALSE;Melinaeina
Melinaea;mnasias;lutzi;HERMIAS;HERMIAS;FALSE;Melinaeina
Melinaea;marsaeus;macaria;MAMERCUS;MAMERCUS;FALSE;Melinaeina
Melinaea;satevis;maelus;MAELUS;MAELUS;FALSE;Melinaeina
Melinaea;menophilus;maenius;MAELUS;MAELUS;FALSE;Melinaeina
Melinaea;satevis;maeonis;HERMIAS;HERMIAS;FALSE;Melinaeina
Melinaea;ludovica;manuelito;HERMIAS;HERMIAS;FALSE;Melinaeina
Melinaea;marsaeus;marsaeus;MAELUS;MAELUS;FALSE;Melinaeina
Melinaea;mneme;mauensis;MAMERCUS;MAMERCUS;FALSE;Melinaeina
Melinaea;menophilus;mediatrix;MAMERCUS;MAMERCUS;FALSE;Melinaeina
Melinaea;menophilus;menophilus;MAMERCUS;MAMERCUS;FALSE;Melinaeina
Melinaea;lilis;messatis;PARALLELIS;PARALLELIS;FALSE;Melinaeina
Melinaea;mothone;messenina;MAMERCUS;MAMERCUS;FALSE;Melinaeina
Melinaea;mnasias;mnasias;HERMIAS;HERMIAS;FALSE;Melinaeina
Melinaea;mneme;mneme;MAMERCUS;MAMERCUS;FALSE;Melinaeina
Melinaea;mnemopsis;mnemopsis;MAMERCUS;MAMERCUS;FALSE;Melinaeina
Melinaea;mothone;mothone;MOTHONE;MOTHONE;FALSE;Melinaeina
Melinaea;isocomma;n. ssp.;MOTHONE;MOTHONE;FALSE;Melinaeina
Melinaea;marsaeus;n. ssp.;MOTHONE;MOTHONE;FALSE;Melinaeina
Melinaea;mneme;n. ssp.;HERMIAS;HERMIAS;FALSE;Melinaeina
Melinaea;menophilus;n. ssp. [1];MAMERCUS;MAMERCUS;FALSE;Melinaeina
Melinaea;mnasias;n. ssp. [1];MAMERCUS;MAMERCUS;FALSE;Melinaeina
Melinaea;menophilus;n. ssp. [2];MAMERCUS;MAMERCUS;FALSE;Melinaeina
Melinaea;menophilus;n. ssp. [3];MAMERCUS;MAMERCUS;FALSE;Melinaeina
Melinaea;mnasias;n. ssp. [3];HERMIAS;HERMIAS;FALSE;Melinaeina
Melinaea;menophilus;orestes;ORESTES;ORESTES;FALSE;Melinaeina
Melinaea;ludovica;paraiya;HERMIAS;HERMIAS;FALSE;Melinaeina
Melinaea;lilis;parallelis;PARALLELIS;PARALLELIS;FALSE;Melinaeina
Melinaea;marsaeus;phasiana;MAELUS;MAELUS;FALSE;Melinaeina
Melinaea;marsaeus;pothete;MAMERCUS;MAMERCUS;FALSE;Melinaeina
Melinaea;satevis;purusana;MAELUS;MAELUS;FALSE;Melinaeina
Melinaea;marsaeus;rileyi;MAMERCUS;MAMERCUS;FALSE;Melinaeina
Melinaea;mnasias;romualdo;ORESTES;ORESTES;FALSE;Melinaeina
Melinaea;satevis;satevis;MAELUS;MAELUS;FALSE;Melinaeina
Melinaea;isocomma;simulator;MOTHONE;MOTHONE;FALSE;Melinaeina
Melinaea;lilis;sola;HERMIAS;HERMIAS;FALSE;Melinaeina
Melinaea;satevis;tarapotensis;MAMERCUS;MAMERCUS;FALSE;Melinaeina
Melinaea;mnasias;thera;LYSIMNIA;LYSIMNIA;FALSE;Melinaeina
Melinaea;idae;vespertina;MAMERCUS;MAMERCUS;FALSE;Melinaeina
Melinaea;satevis;zamora;HERMIAS;HERMIAS;FALSE;Melinaeina
Melinaea;menophilus;zaneka;MAMERCUS;MAMERCUS;FALSE;Melinaeina
Melinaea;ethra;;HERMIAS;HERMIAS;FALSE;Melinaeina
Melinaea;scylax;;MAMERCUS;MAMERCUS;FALSE;Melinaeina
Methona;confusa;confusa;CONFUSA;CONFUSA;FALSE;Methonina
Methona;confusa;n. ssp. [1];CONFUSA;CONFUSA;FALSE;Methonina
Methona;confusa;n. ssp. [2];CONFUSA;CONFUSA;FALSE;Methonina
Methona;confusa;psamathe;CONFUSA;CONFUSA;FALSE;Methonina
Methona;curvifascia;;CONFUSA;CONFUSA;FALSE;Methonina
Methona;grandior;grandior;CONFUSA;CONFUSA;FALSE;Methonina
Methona;grandior;incana;CONFUSA;CONFUSA;FALSE;Methonina
Methona;grandior;n. ssp. [1];CONFUSA;CONFUSA;FALSE;Methonina
Methona;maxima;maxima;CONFUSA;CONFUSA;FALSE;Methonina
Methona;maxima;nigerrima;CONFUSA;CONFUSA;FALSE;Methonina
Methona;megisto;;CONFUSA;CONFUSA;FALSE;Methonina
Methona;singularis;;CONFUSA;CONFUSA;FALSE;Methonina
Methona;themisto;n. ssp.;CONFUSA;CONFUSA;FALSE;Methonina
Methona;themisto;themisto;CONFUSA;CONFUSA;FALSE;Methonina
Napeogenes;aethra;;HERMIAS;HERMIAS;FALSE;Napeogenina
Napeogenes;apulia;apulia;OCNA;OCNA;FALSE;Napeogenina
Napeogenes;apulia;n. ssp. [2];MESTRA;MESTRA;FALSE;Napeogenina
Napeogenes;apulia;n. ssp. [3];OCNA;OCNA;FALSE;Napeogenina
Napeogenes;apulia;ocnita;OCNA;OCNA;FALSE;Napeogenina
Napeogenes;apulia;palmasensis;OCNA;OCNA;FALSE;Napeogenina
Napeogenes;apulia;sangay;MESTRA;MESTRA;FALSE;Napeogenina
Napeogenes;apulia;woytkowskii;OCNA;OCNA;FALSE;Napeogenina
Napeogenes;benigna;benigna;POLITA;POLITA;FALSE;Napeogenina
Napeogenes;benigna;sandra;PANTHYALE;PANTHYALE;FALSE;Napeogenina
Napeogenes;cranto;chocoana;DILUCIDA;DILUCIDA;FALSE;Napeogenina
Napeogenes;cranto;cranto;EURIMEDIA;EURIMEDIA;FALSE;Napeogenina
Napeogenes;cranto;paedaretus;DILUCIDA;DILUCIDA;FALSE;Napeogenina
Napeogenes;cranto;reali;DILUCIDA;DILUCIDA;FALSE;Napeogenina
Napeogenes;duessa;anitae;DUESSA;DUESSA;FALSE;Napeogenina
Napeogenes;duessa;cunza;MAMERCUS;MAMERCUS;FALSE;Napeogenina
Napeogenes;duessa;duessa;DUESSA;DUESSA;FALSE;Napeogenina
Napeogenes;duessa;incas;MAMERCUS;MAMERCUS;FALSE;Napeogenina
Napeogenes;duessa;jamariensis;DOTO;DOTO;FALSE;Napeogenina
Napeogenes;duessa;mastersi;DUESSA;DUESSA;FALSE;Napeogenina
Napeogenes;duessa;n. ssp. [2];DUESSA;DUESSA;FALSE;Napeogenina
Napeogenes;duessa;n. ssp. [3];DUESSA;DUESSA;FALSE;Napeogenina
Napeogenes;duessa;n. ssp. [4];DUESSA;DUESSA;FALSE;Napeogenina
Napeogenes;duessa;orellana;DUESSA;DUESSA;FALSE;Napeogenina
Napeogenes;flossina;baumanni;PANTHYALE;PANTHYALE;FALSE;Napeogenina
Napeogenes;flossina;flossina;TICIDAM;TICIDAM;FALSE;Napeogenina
Napeogenes;flossina;n. ssp. [2];PANTHYALE;PANTHYALE;FALSE;Napeogenina
Napeogenes;glycera;ellariformis;MESTRA;MESTRA;FALSE;Napeogenina
Napeogenes;glycera;ellariformis;SUSIANA;SUSIANA;FALSE;Napeogenina
Napeogenes;glycera;eunomia;MESTRA;MESTRA;FALSE;Napeogenina
Napeogenes;glycera;glycera;MESTRA;MESTRA;FALSE;Napeogenina
Napeogenes;glycera;n. ssp. [1];PRAXILLA;PRAXILLA;FALSE;Napeogenina
Napeogenes;glycera;n. ssp. [2];PRAXILLA;PRAXILLA;FALSE;Napeogenina
Napeogenes;glycera;n. ssp. [3];PRAXILLA;PRAXILLA;FALSE;Napeogenina
Napeogenes;glycera;nausica;PRAXILLA;PRAXILLA;FALSE;Napeogenina
Napeogenes;glycera;olyrina;OCNA;OCNA;FALSE;Napeogenina
Napeogenes;gracilis;;OZIA;OZIA;FALSE;Napeogenina
Napeogenes;harbona;chiguinda;BANJANA-M;BANJANA-M;FALSE;Napeogenina
Napeogenes;harbona;domiduca;SUSIANA;SUSIANA;FALSE;Napeogenina
Napeogenes;harbona;forsteri;EURIMEDIA;EURIMEDIA;FALSE;Napeogenina
Napeogenes;harbona;harbona;BANJANA-M;BANJANA-M;FALSE;Napeogenina
Napeogenes;harbona;n. ssp. [1];PANTHYALE;PANTHYALE;FALSE;Napeogenina
Napeogenes;harbona;n. ssp. [2];EURIMEDIA;EURIMEDIA;FALSE;Napeogenina
Napeogenes;harbona;podocarpus;MESTRA;MESTRA;FALSE;Napeogenina
Napeogenes;inachia;inachia;DOTO;DOTO;FALSE;Napeogenina
Napeogenes;inachia;johnsoni;DOTO;DOTO;FALSE;Napeogenina
Napeogenes;inachia;juanjuiensis;EURIMEDIA;EURIMEDIA;FALSE;Napeogenina
Napeogenes;inachia;moles;DOTO;DOTO;FALSE;Napeogenina
Napeogenes;inachia;n. ssp. [1];EURIMEDIA;EURIMEDIA;FALSE;Napeogenina
Napeogenes;inachia;n. ssp. [3];EURIMEDIA;EURIMEDIA;FALSE;Napeogenina
Napeogenes;inachia;n. ssp. [7];HEMIXANTHE;HEMIXANTHE;FALSE;Napeogenina
Napeogenes;inachia;n. ssp. [8];EURIMEDIA;EURIMEDIA;FALSE;Napeogenina
Napeogenes;inachia;n. ssp. [9];EURIMEDIA;EURIMEDIA;FALSE;Napeogenina
Napeogenes;inachia;paruensis;DOTO;DOTO;FALSE;Napeogenina
Napeogenes;inachia;patientia;EURIMEDIA;EURIMEDIA;FALSE;Napeogenina
Napeogenes;inachia;pozziana;EURIMEDIA;EURIMEDIA;FALSE;Napeogenina
Napeogenes;inachia;pyrois;DOTO;DOTO;FALSE;Napeogenina
Napeogenes;inachia;sulphurina;EURIMEDIA;EURIMEDIA;FALSE;Napeogenina
Napeogenes;larilla;delavillae;HEWITSONI;HEWITSONI;FALSE;Napeogenina
Napeogenes;larilla;larilla;HEWITSONI;HEWITSONI;FALSE;Napeogenina
Napeogenes;larilla;n. ssp. [4];HEWITSONI;HEWITSONI;FALSE;Napeogenina
Napeogenes;larilla;n. ssp. [5];PANTHYALE;PANTHYALE;FALSE;Napeogenina
Napeogenes;larilla;n. ssp. [6];PANTHYALE;PANTHYALE;FALSE;Napeogenina
Napeogenes;larilla;pastazana;THEUDELINDA;THEUDELINDA;FALSE;Napeogenina
Napeogenes;larilla;reventador;THEUDELINDA;THEUDELINDA;FALSE;Napeogenina
Napeogenes;larina;;HERMIAS;HERMIAS;FALSE;Napeogenina
Napeogenes;lycora;attali;PRAXILLA;PRAXILLA;FALSE;Napeogenina
Napeogenes;lycora;lycora;OZIA;OZIA;FALSE;Napeogenina
Napeogenes;nsp1;n. ssp. [1];OCNA;OCNA;FALSE;Napeogenina
Napeogenes;nsp1;n. ssp. [2];PRAXILLA;PRAXILLA;FALSE;Napeogenina
Napeogenes;nsp2;n. ssp. [1];BANJANA-M;BANJANA-M;FALSE;Napeogenina
Napeogenes;nsp2;n. ssp. [2];OCNA;OCNA;FALSE;Napeogenina
Napeogenes;garwoodae;;LERIDA;LERIDA;FALSE;Napeogenina
Napeogenes;peridia;decora;DILUCIDA;DILUCIDA;FALSE;Napeogenina
Napeogenes;peridia;hemimelaena;EXCELSA;EXCELSA;FALSE;Napeogenina
Napeogenes;peridia;hemisticta;EXCELSA;EXCELSA;FALSE;Napeogenina
Napeogenes;peridia;hoppi;HERMIAS;HERMIAS;FALSE;Napeogenina
Napeogenes;peridia;peridia;EXCELSA;EXCELSA;FALSE;Napeogenina
Napeogenes;pharo;astarte;EURIMEDIA;EURIMEDIA;FALSE;Napeogenina
Napeogenes;pharo;azeka;OZIA;OZIA;FALSE;Napeogenina
Napeogenes;pharo;elva;OZIA;OZIA;FALSE;Napeogenina
Napeogenes;pharo;gryne;DOTO;DOTO;FALSE;Napeogenina
Napeogenes;pharo;lamia;EURIMEDIA;EURIMEDIA;FALSE;Napeogenina
Napeogenes;pharo;n. ssp. [2];EURIMEDIA;EURIMEDIA;FALSE;Napeogenina
Napeogenes;pharo;n. ssp. [4];DOTO;DOTO;FALSE;Napeogenina
Napeogenes;pharo;osuna;CONFUSA;CONFUSA;FALSE;Napeogenina
Napeogenes;pharo;pharo;EURIMEDIA;EURIMEDIA;FALSE;Napeogenina
Napeogenes;pharo;pheranthes;DOTO;DOTO;FALSE;Napeogenina
Napeogenes;pharo;upina;EURIMEDIA;DOTO;TRUE;Napeogenina
Napeogenes;rhezia;achaea;MAMERCUS;MAMERCUS;FALSE;Napeogenina
Napeogenes;rhezia;adelphe;HERMIAS;HERMIAS;FALSE;Napeogenina
Napeogenes;rhezia;adulta;HERMIAS;HERMIAS;FALSE;Napeogenina
Napeogenes;rhezia;catamelas;HERMIAS;MAMERCUS;TRUE;Napeogenina
Napeogenes;rhezia;curvilutea;MAMERCUS;MAMERCUS;FALSE;Napeogenina
Napeogenes;rhezia;cyrianassa;DOTO;DOTO;FALSE;Napeogenina
Napeogenes;rhezia;n. ssp. [2];HERMIAS;HERMIAS;FALSE;Napeogenina
Napeogenes;rhezia;n. ssp. [6];MAMERCUS;MAMERCUS;FALSE;Napeogenina
Napeogenes;rhezia;n. ssp. [7];MOTHONE;MOTHONE;FALSE;Napeogenina
Napeogenes;rhezia;nicolayi;MAMERCUS;MAMERCUS;FALSE;Napeogenina
Napeogenes;rhezia;rhezia;HERMIAS;HERMIAS;FALSE;Napeogenina
Napeogenes;rhezia;tunantina;HERMIAS;HERMIAS;FALSE;Napeogenina
Napeogenes;rhezia;yanetta;HEMIXANTHE;HEMIXANTHE;FALSE;Napeogenina
Napeogenes;sodalis;;AGNOSIA;AGNOSIA;FALSE;Napeogenina
Napeogenes;stella;aster;HERMIAS;HERMIAS;FALSE;Napeogenina
Napeogenes;stella;delgadoi;HERMIAS;HERMIAS;FALSE;Napeogenina
Napeogenes;stella;opacella;HERMIAS;HERMIAS;FALSE;Napeogenina
Napeogenes;stella;stella;HERMIAS;HERMIAS;FALSE;Napeogenina
Napeogenes;sulphureophila;n. ssp.;OCNA;OCNA;FALSE;Napeogenina
Napeogenes;sulphureophila;sulphureophila;OCNA;OCNA;FALSE;Napeogenina
Napeogenes;sylphis;corena;AURELIANA;AURELIANA;FALSE;Napeogenina
Napeogenes;sylphis;ercilla;ILLINISSA;ILLINISSA;FALSE;Napeogenina
Napeogenes;sylphis;ithra;EGRA;EGRA;FALSE;Napeogenina
Napeogenes;sylphis;n. ssp. [1];LERIDA;LERIDA;FALSE;Napeogenina
Napeogenes;sylphis;n. ssp. [2];AURELIANA;AURELIANA;FALSE;Napeogenina
Napeogenes;sylphis;n. ssp. [3];EGRA;EGRA;FALSE;Napeogenina
Napeogenes;sylphis;n. ssp. [4];LERIDA;LERIDA;FALSE;Napeogenina
Napeogenes;sylphis;potaronus;LERIDA;LERIDA;FALSE;Napeogenina
Napeogenes;sylphis;rindgei;LERIDA;LERIDA;FALSE;Napeogenina
Napeogenes;sylphis;sylphis;AGNOSIA;AGNOSIA;FALSE;Napeogenina
Napeogenes;sylphis;thira;AGNOSIA;AGNOSIA;FALSE;Napeogenina
Napeogenes;tolosa;amara;EXCELSA;EXCELSA;FALSE;Napeogenina
Napeogenes;tolosa;chrispina;DILUCIDA;DILUCIDA;FALSE;Napeogenina
Napeogenes;tolosa;diaphanosa;EURIMEDIA;EURIMEDIA;FALSE;Napeogenina
Napeogenes;tolosa;n. ssp.;EXCELSA;EXCELSA;FALSE;Napeogenina
Napeogenes;tolosa;panamensis;EXCELSA;EXCELSA;FALSE;Napeogenina
Napeogenes;tolosa;tolosa;MAMERCUS;MAMERCUS;FALSE;Napeogenina
Napeogenes;verticilla;;AGNOSIA;AGNOSIA;FALSE;Napeogenina
Napeogenes;zurippa;deucalion;ORESTES;ORESTES;FALSE;Napeogenina
Napeogenes;zurippa;iquitensis;MAMERCUS;MAMERCUS;FALSE;Napeogenina
Napeogenes;zurippa;n. ssp.;MAMERCUS;MAMERCUS;FALSE;Napeogenina
Napeogenes;zurippa;otaxes;MAMERCUS;MAMERCUS;FALSE;Napeogenina
Napeogenes;zurippa;pyrrho;MAMERCUS;MAMERCUS;FALSE;Napeogenina
Napeogenes;zurippa;quadrilis;MAMERCUS;MAMERCUS;FALSE;Napeogenina
Napeogenes;zurippa;zurippa;HERMIAS;HERMIAS;FALSE;Napeogenina
Oleria;aegle;aegle;LERIDA;LERIDA;FALSE;Oleriina
Oleria;aegle;divisa;EGRA;EGRA;FALSE;Oleriina
Oleria;aegle;egra;EGRA;EGRA;FALSE;Oleriina
Oleria;aegle;n. ssp.;LERIDA;LERIDA;FALSE;Oleriina
Oleria;agarista;agarista;LERIDA;LERIDA;FALSE;Oleriina
Oleria;agarista;idalie;LERIDA;LERIDA;FALSE;Oleriina
Oleria;agarista;n. ssp. [1];LERIDA;LERIDA;FALSE;Oleriina
Oleria;agarista;n. ssp. [2];SINILIA;SINILIA;FALSE;Oleriina
Oleria;alexina;;AGNOSIA;AGNOSIA;FALSE;Oleriina
Oleria;amalda;amalda;AMALDA;AMALDA;FALSE;Oleriina
Oleria;amalda;amaldina;AMALDA;AMALDA;FALSE;Oleriina
Oleria;amalda;faunula;LERIDA;LERIDA;FALSE;Oleriina
Oleria;amalda;modesta;LERIDA;LERIDA;FALSE;Oleriina
Oleria;amalda;n. ssp. [1];LERIDA;LERIDA;FALSE;Oleriina
Oleria;amalda;n. ssp. [3];AMALDA;AMALDA;FALSE;Oleriina
Oleria;antaxis;antaxis;EGRA;EGRA;FALSE;Oleriina
Oleria;antaxis;machadoi;LERIDA;LERIDA;FALSE;Oleriina
Oleria;antaxis;n. ssp. [1];SINILIA;SINILIA;FALSE;Oleriina
Oleria;antaxis;n. ssp. [2];LERIDA;LERIDA;FALSE;Oleriina
Oleria;antaxis;saulensis;LERIDA;LERIDA;FALSE;Oleriina
Oleria;aquata;;LERIDA;LERIDA;FALSE;Oleriina
Oleria;assimilis;assimilis;LERIDA;LERIDA;FALSE;Oleriina
Oleria;assimilis;n. ssp. [1];LERIDA;LERIDA;FALSE;Oleriina
Oleria;assimilis;n. ssp. [2];AGNOSIA;AGNOSIA;FALSE;Oleriina
Oleria;assimilis;n. ssp. [3];LERIDA;LERIDA;FALSE;Oleriina
Oleria;astrea;astrea;LERIDA;LERIDA;FALSE;Oleriina
Oleria;astrea;burchelli;LERIDA;LERIDA;FALSE;Oleriina
Oleria;astrea;n. ssp.;LERIDA;LERIDA;FALSE;Oleriina
Oleria;athalina;athalina;BANJANA-M;SUSIANA;TRUE;Oleriina
Oleria;athalina;banjana;BANJANA-M;BANJANA-M;FALSE;Oleriina
Oleria;athalina;epimakrena;BANJANA-M;SUSIANA;TRUE;Oleriina
Oleria;athalina;n. ssp. [1];SUSIANA;SUSIANA;FALSE;Oleriina
Oleria;athalina;n. ssp. [2];HEWITSONI;HEWITSONI;FALSE;Oleriina
Oleria;attalia;attalia;SUSIANA;SUSIANA;FALSE;Oleriina
Oleria;attalia;n. ssp.;SUSIANA;SUSIANA;FALSE;Oleriina
Oleria;attalia;tabera;MESTRA;SUSIANA;TRUE;Oleriina
Oleria;attalia;tabera;BANJANA-M;BANJANA-M;FALSE;Oleriina
Oleria;baizana;baizana;HEWITSONI;SUSIANA;TRUE;Oleriina
Oleria;baizana;munaycha;BANJANA-M;BANJANA-M;FALSE;Oleriina
Oleria;bioculata;bioculata;AGNOSIA;AGNOSIA;FALSE;Oleriina
Oleria;bioculata;tapio;AGNOSIA;AGNOSIA;FALSE;Oleriina
Oleria;boyeri;;AGNOSIA;AGNOSIA;FALSE;Oleriina
Oleria;cyrene;cyrene;SUSIANA;SUSIANA;FALSE;Oleriina
Oleria;cyrene;n. ssp.;SUSIANA;SUSIANA;FALSE;Oleriina
Oleria;cyrene;solida;BANJANA-M;BANJANA-M;FALSE;Oleriina
Oleria;deronda;deronda;THABENA-F;THABENA-F;FALSE;Oleriina
Oleria;deronda;n. ssp.;PANTHYALE;PANTHYALE;FALSE;Oleriina
Oleria;deronda;valida;BANJANA-M;SUSIANA;TRUE;Oleriina
Oleria;derondina;derondina;THABENA-F;THABENA-F;FALSE;Oleriina
Oleria;derondina;mandorina;BANJANA-M;BANJANA-M;FALSE;Oleriina
Oleria;derondina;n. ssp.;HEWITSONI;BANJANA-M;TRUE;Oleriina
Oleria;didymaea;denuda;LERIDA;LERIDA;FALSE;Oleriina
Oleria;didymaea;didymaea;AGNOSIA;AGNOSIA;FALSE;Oleriina
Oleria;didymaea;n. ssp. [2];AGNOSIA;AGNOSIA;FALSE;Oleriina
Oleria;didymaea;n. ssp. [3];AGNOSIA;AGNOSIA;FALSE;Oleriina
Oleria;didymaea;n. ssp. [4];LERIDA;LERIDA;FALSE;Oleriina
Oleria;didymaea;n. ssp. [5];LERIDA;LERIDA;FALSE;Oleriina
Oleria;didymaea;ramona;LERIDA;LERIDA;FALSE;Oleriina
Oleria;enania;enania;LERIDA;LERIDA;FALSE;Oleriina
Oleria;enania;n. ssp. [1];AGNOSIA;AGNOSIA;FALSE;Oleriina
Oleria;enania;n. ssp. [2];AGNOSIA;AGNOSIA;FALSE;Oleriina
Oleria;estella;estella;AGNOSIA;AGNOSIA;FALSE;Oleriina
Oleria;estella;subosa;QUINTINA;QUINTINA;FALSE;Oleriina
Oleria;fasciata;fasciata;BANJANA-M;BANJANA-M;FALSE;Oleriina
Oleria;fasciata;melchori;BANJANA-M;SUSIANA;TRUE;Oleriina
Oleria;fasciata;n. ssp. [1];BANJANA-M;BANJANA-M;FALSE;Oleriina
Oleria;fasciata;n. ssp. [2];SUSIANA;SUSIANA;FALSE;Oleriina
Oleria;flora;flora;LERIDA;LERIDA;FALSE;Oleriina
Oleria;flora;n. ssp. [1];EGRA;EGRA;FALSE;Oleriina
Oleria;flora;n. ssp. [2];LERIDA;LERIDA;FALSE;Oleriina
Oleria;fumata;fumata;BANJANA-M;BANJANA-M;FALSE;Oleriina
Oleria;phenomoe;phenomoe;AGNOSIA;AGNOSIA;FALSE;Oleriina
Oleria;fumata;richardina;BANJANA-M;BANJANA-M;FALSE;Oleriina
Oleria;gunilla;borilis;QUINTINA;QUINTINA;FALSE;Oleriina
Oleria;gunilla;escura;LERIDA;LERIDA;FALSE;Oleriina
Oleria;gunilla;gunilla;ILLINISSA;ILLINISSA;FALSE;Oleriina
Oleria;gunilla;lerdina;LERIDA;LERIDA;FALSE;Oleriina
Oleria;gunilla;lota;LERIDA;LERIDA;FALSE;Oleriina
Oleria;gunilla;lubilerda;AURELIANA;AURELIANA;FALSE;Oleriina
Oleria;gunilla;n. ssp. [1];AGNOSIA;AGNOSIA;FALSE;Oleriina
Oleria;gunilla;n. ssp. [2];AGNOSIA;AGNOSIA;FALSE;Oleriina
Oleria;gunilla;n. ssp. [3];SINILIA;SINILIA;FALSE;Oleriina
Oleria;gunilla;praemona;LERIDA;LERIDA;FALSE;Oleriina
Oleria;gunilla;serdolis;LERIDA;LERIDA;FALSE;Oleriina
Oleria;ilerdina;hermieri;LERIDA;LERIDA;FALSE;Oleriina
Oleria;ilerdina;ilerdina;LERIDA;LERIDA;FALSE;Oleriina
Oleria;ilerdina;lerida;LERIDA;LERIDA;FALSE;Oleriina
Oleria;ilerdina;priscilla;ILLINISSA;ILLINISSA;FALSE;Oleriina
Oleria;makrena;caucana;BANJANA-M;BANJANA-M;FALSE;Oleriina
Oleria;makrena;makrena;BANJANA-M;BANJANA-M;FALSE;Oleriina
Oleria;makrena;makrenita;AGNOSIA;AGNOSIA;FALSE;Oleriina
Oleria;makrena;makrenita;BANJANA-M;BANJANA-M;FALSE;Oleriina
Oleria;makrena;n. ssp. [2];AGNOSIA;AGNOSIA;FALSE;Oleriina
Oleria;makrena;n. ssp. [3];BANJANA-M;BANJANA-M;FALSE;Oleriina
Oleria;nsp1;;LERIDA;LERIDA;FALSE;Oleriina
Oleria;bifurcata;;BANJANA-M;BANJANA-M;FALSE;Oleriina
Oleria;nsp;;AGNOSIA;AGNOSIA;FALSE;Oleriina
Oleria;onega;bocca;LERIDA;LERIDA;FALSE;Oleriina
Oleria;onega;crispinilla;QUINTINA;QUINTINA;FALSE;Oleriina
Oleria;onega;epicharme;LERIDA;LERIDA;FALSE;Oleriina
Oleria;onega;ilerda;AURELIANA;AURELIANA;FALSE;Oleriina
Oleria;onega;itacoaiensis;LERIDA;LERIDA;FALSE;Oleriina
Oleria;onega;janarilla;LERIDA;LERIDA;FALSE;Oleriina
Oleria;onega;lentita;AGNOSIA;AGNOSIA;FALSE;Oleriina
Oleria;onega;n. ssp. [1];LERIDA;LERIDA;FALSE;Oleriina
Oleria;onega;n. ssp. [2];LERIDA;LERIDA;FALSE;Oleriina
Oleria;onega;n. ssp. [3];LERIDA;LERIDA;FALSE;Oleriina
Oleria;onega;n. ssp. [4];LERIDA;LERIDA;FALSE;Oleriina
Oleria;onega;onega;LERIDA;LERIDA;FALSE;Oleriina
Oleria;onega;perspicua;LERIDA;LERIDA;FALSE;Oleriina
Oleria;padilla;cajamarcensis;AGNOSIA;AGNOSIA;FALSE;Oleriina
Oleria;padilla;gorkyi;BANJANA-M;BANJANA-M;FALSE;Oleriina
Oleria;padilla;n. ssp. [1];AGNOSIA;AGNOSIA;FALSE;Oleriina
Oleria;padilla;n. ssp. [2];BANJANA-M;BANJANA-M;FALSE;Oleriina
Oleria;padilla;padilla;AGNOSIA;AGNOSIA;FALSE;Oleriina
Oleria;padilla;pseudmakrena;BANJANA-M;BANJANA-M;FALSE;Oleriina
Oleria;paula;n. ssp. [2];AMALDA;AMALDA;FALSE;Oleriina
Oleria;paula;paula;LERIDA;LERIDA;FALSE;Oleriina
Oleria;phenomoe;apexatrata;AGNOSIA;AGNOSIA;FALSE;Oleriina
Oleria;quadrata;n. ssp.;LERIDA;LERIDA;FALSE;Oleriina
Oleria;quadrata;quadrata;LERIDA;LERIDA;FALSE;Oleriina
Oleria;quintina;;QUINTINA;QUINTINA;FALSE;Oleriina
Oleria;radina;n. ssp. [1];BANJANA-M;SUSIANA;TRUE;Oleriina
Oleria;radina;n. ssp. [2];PANTHYALE;SUSIANA;TRUE;Oleriina
Oleria;radina;radina;BANJANA-M;SUSIANA;TRUE;Oleriina
Oleria;rubescens;;LERIDA;LERIDA;FALSE;Oleriina
Oleria;santineza;n. ssp.;BANJANA-M;BANJANA-M;FALSE;Oleriina
Oleria;santineza;reducida;BANJANA-M;BANJANA-M;FALSE;Oleriina
Oleria;santineza;santineza;BANJANA-M;BANJANA-M;FALSE;Oleriina
Oleria;santineza;veneae;AGNOSIA;AGNOSIA;FALSE;Oleriina
Oleria;sexmaculata;lerda;LERIDA;LERIDA;FALSE;Oleriina
Oleria;sexmaculata;n. ssp. [1];LERIDA;LERIDA;FALSE;Oleriina
Oleria;sexmaculata;n. ssp. [2];SINILIA;SINILIA;FALSE;Oleriina
Oleria;sexmaculata;n. ssp. [3];LERIDA;LERIDA;FALSE;Oleriina
Oleria;sexmaculata;n. ssp. [4];LERIDA;LERIDA;FALSE;Oleriina
Oleria;sexmaculata;sexmaculata;LERIDA;LERIDA;FALSE;Oleriina
Oleria;similigena;n. ssp. [1];LERIDA;LERIDA;FALSE;Oleriina
Oleria;similigena;n. ssp. [2];EGRA;EGRA;FALSE;Oleriina
Oleria;similigena;n. ssp. [3];LERIDA;LERIDA;FALSE;Oleriina
Oleria;similigena;similigena;LERIDA;LERIDA;FALSE;Oleriina
Oleria;synnova;;SINILIA;SINILIA;FALSE;Oleriina
Oleria;thiemei;;AMALDA;AMALDA;FALSE;Oleriina
Oleria;tigilla;n. ssp. [1];AGNOSIA;AGNOSIA;FALSE;Oleriina
Oleria;tigilla;n. ssp. [2];LERIDA;LERIDA;FALSE;Oleriina
Oleria;tigilla;n. ssp. [3];AGNOSIA;AGNOSIA;FALSE;Oleriina
Oleria;tigilla;tigilla;LERIDA;LERIDA;FALSE;Oleriina
Oleria;tremona;n. ssp. [1];BANJANA-M;BANJANA-M;FALSE;Oleriina
Oleria;tremona;n. ssp. [2];BANJANA-M;BANJANA-M;FALSE;Oleriina
Oleria;tremona;n. ssp. [3];PANTHYALE;PANTHYALE;FALSE;Oleriina
Oleria;tremona;ochoai;BANJANA-M;BANJANA-M;FALSE;Oleriina
Oleria;tremona;schoenfelderi;BANJANA-M;BANJANA-M;FALSE;Oleriina
Oleria;tremona;tremona;BANJANA-M;BANJANA-M;FALSE;Oleriina
Oleria;vicina;;AGNOSIA;AGNOSIA;FALSE;Oleriina
Oleria;victorine;graziella;AGNOSIA;AGNOSIA;FALSE;Oleriina
Oleria;victorine;manora;LERIDA;LERIDA;FALSE;Oleriina
Oleria;victorine;n. ssp.;LERIDA;LERIDA;FALSE;Oleriina
Oleria;victorine;sarilis;LERIDA;LERIDA;FALSE;Oleriina
Oleria;victorine;vicenteae;AGNOSIA;AGNOSIA;FALSE;Oleriina
Oleria;victorine;victorine;AGNOSIA;AGNOSIA;FALSE;Oleriina
Oleria;zea;diazi;AGNOSIA;AGNOSIA;FALSE;Oleriina
Oleria;zea;zea;AGNOSIA;AGNOSIA;FALSE;Oleriina
Oleria;zelica;daguana;EURIMEDIA;EURIMEDIA;FALSE;Oleriina
Oleria;zelica;pagasa;EURIMEDIA;EURIMEDIA;FALSE;Oleriina
Oleria;zelica;zelica;EURIMEDIA;EURIMEDIA;FALSE;Oleriina
Ollantaya;aegineta;aegineta;THEUDELINDA;THEUDELINDA;FALSE;Oleriina
Ollantaya;aegineta;cleobulina;THABENA-F;THABENA-F;FALSE;Oleriina
Ollantaya;aegineta;inelegans;BANJANA-M;BANJANA-M;FALSE;Oleriina
Ollantaya;aegineta;n. ssp.;THABENA-F;THABENA-F;FALSE;Oleriina
Ollantaya;canilla;;OZIA;OZIA;FALSE;Oleriina
Ollantaya;nsp;;SUSIANA;SUSIANA;FALSE;Oleriina
Ollantaya;olerioides;n. ssp. [1];BANJANA-M;BANJANA-M;FALSE;Oleriina
Ollantaya;olerioides;n. ssp. [2];BANJANA-M;SUSIANA;TRUE;Oleriina
Ollantaya;olerioides;olerioides;BANJANA-M;BANJANA-M;FALSE;Oleriina
Olyras;crathis;crathis;DILUCIDA;DILUCIDA;FALSE;Melinaeina
Olyras;crathis;montagui;EXCELSA;EXCELSA;FALSE;Melinaeina
Olyras;crathis;n. ssp. [1];EXCELSA;EXCELSA;FALSE;Melinaeina
Olyras;crathis;n. ssp. [2];EXCELSA;EXCELSA;FALSE;Melinaeina
Olyras;crathis;staudingeri;EXCELSA;EXCELSA;FALSE;Melinaeina
Olyras;crathis;sticheli;EXCELSA;EXCELSA;FALSE;Melinaeina
Olyras;crathis;weeksi;EXCELSA;EXCELSA;FALSE;Melinaeina
Olyras;insignis;insignis;DILUCIDA;DILUCIDA;FALSE;Melinaeina
Olyras;insignis;praestans;PRAESTANS;PRAESTANS;FALSE;Melinaeina
Olyras;insignis;translucens;DILUCIDA;DILUCIDA;FALSE;Melinaeina
Olyras;theon;;DILUCIDA;DILUCIDA;FALSE;Melinaeina
Pachacutia;baroni;;DUILLIA;DUILLIA;FALSE;Godyridina
Pachacutia;cleomella;;OZIA;THABENA-F;TRUE;Godyridina
Pachacutia;germaini;;OZIA;OZIA;FALSE;Godyridina
Pachacutia;mantura;honrathi;CONFUSA;CONFUSA;FALSE;Godyridina
Pachacutia;mantura;joroni;CONFUSA;CONFUSA;FALSE;Godyridina
Pachacutia;mantura;mantura;CONFUSA;CONFUSA;FALSE;Godyridina
Pagyris;cymothoe;cymothoe;AGNOSIA;AGNOSIA;FALSE;Ithomiina
Pagyris;cymothoe;sylvella;DILUCIDA;AGNOSIA;TRUE;Ithomiina
Pagyris;priscilla;;OZIA;OZIA;FALSE;Ithomiina
Pagyris;ulla;carmilla;PANTHYALE;PANTHYALE;FALSE;Ithomiina
Pagyris;ulla;dimidiata;PANTHYALE;PANTHYALE;FALSE;Ithomiina
Pagyris;ulla;leonila;PANTHYALE;PANTHYALE;FALSE;Ithomiina
Pagyris;ulla;n. ssp. [2];LIBETHRIS;LIBETHRIS;FALSE;Ithomiina
Pagyris;ulla;vanilla;AGNOSIA;AGNOSIA;FALSE;Ithomiina
Pagyris;ulla;zorrilla;TICIDAM;HEWITSONI;TRUE;Ithomiina
Paititia;neglecta;n. ssp.;CONFUSA;CONFUSA;FALSE;Melinaeina
Paititia;neglecta;neglecta;CONFUSA;CONFUSA;FALSE;Melinaeina
Patricia;demylus;demylus;HEWITSONI;HEWITSONI;FALSE;Athesitina
Patricia;demylus;n. ssp.;BANJANA-M;BANJANA-M;FALSE;Athesitina
Patricia;dercyllidas;dercyllidas;DERCYLLIDAS;DERCYLLIDAS;FALSE;Athesitina
Patricia;dercyllidas;hazelea;DERCYLLIDAS;DERCYLLIDAS;FALSE;Athesitina
Patricia;dercyllidas;hazelea;HEWITSONI;HEWITSONI;FALSE;Athesitina
Patricia;dercyllidas;n. ssp. [1];SUSIANA;SUSIANA;FALSE;Athesitina
Patricia;dercyllidas;n. ssp. [2];SUSIANA;SUSIANA;FALSE;Athesitina
Patricia;dercyllidas;n. ssp. [3];SUSIANA;SUSIANA;FALSE;Athesitina
Patricia;hewitsonii;;HEWITSONI;HEWITSONI;FALSE;Athesitina
Patricia;oligyrtis;n. ssp.;BANJANA-M;BANJANA-M;FALSE;Athesitina
Patricia;oligyrtis;oligyrtis;TICIDAM;BANJANA-M;TRUE;Athesitina
Placidina;euryanassa;;LYSIMNIA;LYSIMNIA;FALSE;Ithomiina
Pseudoscada;acilla;acilla;LERIDA;LERIDA;FALSE;Godyridina
Pseudoscada;acilla;n. ssp. [1];LERIDA;LERIDA;FALSE;Godyridina
Pseudoscada;acilla;n. ssp. [2];LERIDA;LERIDA;FALSE;Godyridina
Pseudoscada;acilla;quadrifasciata;LERIDA;LERIDA;FALSE;Godyridina
Pseudoscada;erruca;;LERIDA;LERIDA;FALSE;Godyridina
Pseudoscada;florula;aureola;AURELIANA;AURELIANA;FALSE;Godyridina
Pseudoscada;florula;exornata;EGRA;EGRA;FALSE;Godyridina
Pseudoscada;florula;florula;LERIDA;LERIDA;FALSE;Godyridina
Pseudoscada;florula;genetyllis;LERIDA;LERIDA;FALSE;Godyridina
Pseudoscada;florula;gracilis;AGNOSIA;AGNOSIA;FALSE;Godyridina
Pseudoscada;florula;n. ssp. [1];AGNOSIA;AGNOSIA;FALSE;Godyridina
Pseudoscada;florula;n. ssp. [3];LERIDA;LERIDA;FALSE;Godyridina
Pseudoscada;timnaCOSTARICA;;LERIDA;LERIDA;FALSE;Godyridina
Pseudoscada;timnaEASTERN;timna;AGNOSIA;AGNOSIA;FALSE;Godyridina
Pseudoscada;timnaEASTERN;utilla;LERIDA;LERIDA;FALSE;Godyridina
Pseudoscada;timnaWESTERN;n. ssp. [1];AMALDA;AMALDA;FALSE;Godyridina
Pseudoscada;timnaWESTERN;n. ssp. [2];LERIDA;LERIDA;FALSE;Godyridina
Pseudoscada;timnaWESTERN;n. ssp. [3];LERIDA;LERIDA;FALSE;Godyridina
Pseudoscada;timnaWESTERN;saturata;AMALDA;AMALDA;FALSE;Godyridina
Pseudoscada;timnaWESTERN;troetschi;AMALDA;AMALDA;FALSE;Godyridina
Pteronymia;alcmena;alcmena;AGNOSIA;AGNOSIA;FALSE;Dircennina
Pteronymia;alcmena;n. ssp.;AGNOSIA;AGNOSIA;FALSE;Dircennina
Pteronymia;aletta;agalla;MAMERCUS;MAMERCUS;FALSE;Dircennina
Pteronymia;aletta;aletta;POLITA;POLITA;FALSE;Dircennina
Pteronymia;aletta;lilla;MANTINEUS;MANTINEUS;FALSE;Dircennina
Pteronymia;aletta;n. ssp. [1];DILUCIDA;DILUCIDA;FALSE;Dircennina
Pteronymia;aletta;n. ssp. [2];DILUCIDA;DILUCIDA;FALSE;Dircennina
Pteronymia;aletta;n. ssp. [3];POLITA;POLITA;FALSE;Dircennina
Pteronymia;alicia;;AGNOSIA;AGNOSIA;FALSE;Dircennina
Pteronymia;alida;alida;LIBETHRIS;LIBETHRIS;FALSE;Dircennina
Pteronymia;alida;dispaena;THABENA-F;THABENA-F;FALSE;Dircennina
Pteronymia;alida;georgei;LIBETHRIS;LIBETHRIS;FALSE;Dircennina
Pteronymia;alida;infuscans;PANTHYALE;PANTHYALE;FALSE;Dircennina
Pteronymia;alida;n. ssp. [1];HEWITSONI;HEWITSONI;FALSE;Dircennina
Pteronymia;alida;n. ssp. [2];PANTHYALE;BANJANA-M;TRUE;Dircennina
Pteronymia;alida;n. ssp. [3];PANTHYALE;PANTHYALE;FALSE;Dircennina
Pteronymia;alida;n. ssp. [4];HEWITSONI;HEWITSONI;FALSE;Dircennina
Pteronymia;alida;zabina;BANJANA-M;BANJANA-M;FALSE;Dircennina
Pteronymia;alina;alina;PANTHYALE;PANTHYALE;FALSE;Dircennina
Pteronymia;alina;machay;BANJANA-M;BANJANA-M;FALSE;Dircennina
Pteronymia;alina;mielkei;PANTHYALE;PANTHYALE;FALSE;Dircennina
Pteronymia;alina;n. ssp.;HEWITSONI;HEWITSONI;FALSE;Dircennina
Pteronymia;alissa;alissa;LERIDA;LERIDA;FALSE;Dircennina
Pteronymia;alissa;alissa;AGNOSIA;AGNOSIA;FALSE;Dircennina
Pteronymia;alissa;amandes;AGNOSIA;AGNOSIA;FALSE;Dircennina
Pteronymia;alissa;n. ssp. [2];AGNOSIA;AGNOSIA;FALSE;Dircennina
Pteronymia;andreas;andreas;AGNOSIA;AGNOSIA;FALSE;Dircennina
Pteronymia;andreas;n. ssp.;AGNOSIA;AGNOSIA;FALSE;Dircennina
Pteronymia;artena;afrania;AGNOSIA;AGNOSIA;FALSE;Dircennina
Pteronymia;artena;artena;AGNOSIA;AGNOSIA;FALSE;Dircennina
Pteronymia;artena;beebei;AGNOSIA;AGNOSIA;FALSE;Dircennina
Pteronymia;artena;n. ssp. [1];AGNOSIA;AGNOSIA;FALSE;Dircennina
Pteronymia;artena;n. ssp. [2];AGNOSIA;AGNOSIA;FALSE;Dircennina
Pteronymia;artena;n. ssp. [3];AGNOSIA;AGNOSIA;FALSE;Dircennina
Pteronymia;artena;praedicta;AGNOSIA;AGNOSIA;FALSE;Dircennina
Pteronymia;asopo;;AGNOSIA;AGNOSIA;FALSE;Dircennina
Pteronymia;calgiria;;OZIA;OZIA;FALSE;Dircennina
Pteronymia;carlia;;LERIDA;LERIDA;FALSE;Dircennina
Pteronymia;cotytto;cotytto;LERIDA;LERIDA;FALSE;Dircennina
Pteronymia;cotytto;n. ssp.;LERIDA;LERIDA;FALSE;Dircennina
Pteronymia;dispar;;POLITA;POLITA;FALSE;Dircennina
Pteronymia;donella;donata;MAMERCUS;MAMERCUS;FALSE;Dircennina
Pteronymia;donella;donella;DILUCIDA;DILUCIDA;FALSE;Dircennina
Pteronymia;donella;n. ssp.;MAMERCUS;MAMERCUS;FALSE;Dircennina
Pteronymia;dorothyae;dorothyae;AGNOSIA;AGNOSIA;FALSE;Dircennina
Pteronymia;euritea;;HEMIXANTHE;HEMIXANTHE;FALSE;Dircennina
Pteronymia;forsteri;;AGNOSIA;AGNOSIA;FALSE;Dircennina
Pteronymia;fulvimargo;;DILUCIDA;DILUCIDA;FALSE;Dircennina
Pteronymia;fumida;ortizi;HERMIAS;HERMIAS;FALSE;Dircennina
Pteronymia;fumida;pacifica;DILUCIDA;DILUCIDA;FALSE;Dircennina
Pteronymia;gertschi;gertschi;OZIA;OZIA;FALSE;Dircennina
Pteronymia;glauca;;LERIDA;LERIDA;FALSE;Dircennina
Pteronymia;granica;granica;HEWITSONI;HEWITSONI;FALSE;Dircennina
Pteronymia;granica;n. ssp.;HEWITSONI;HEWITSONI;FALSE;Dircennina
Pteronymia;hara;albida;AGNOSIA;AGNOSIA;FALSE;Dircennina
Pteronymia;hara;ancha;LIBETHRIS;LIBETHRIS;FALSE;Dircennina
Pteronymia;hara;hara;HEWITSONI;AGNOSIA;TRUE;Dircennina
Pteronymia;hara;n. ssp. [1];AGNOSIA;AGNOSIA;FALSE;Dircennina
Pteronymia;hara;n. ssp. [2];AGNOSIA;AGNOSIA;FALSE;Dircennina
Pteronymia;hara;n. ssp. [4];AGNOSIA;BANJANA-M;TRUE;Dircennina
Pteronymia;hara;n. ssp. [6];PANTHYALE;PANTHYALE;FALSE;Dircennina
Pteronymia;hara;n. ssp. [7];AGNOSIA;AGNOSIA;FALSE;Dircennina
Pteronymia;hara;n. ssp. [8];PANTHYALE;PANTHYALE;FALSE;Dircennina
Pteronymia;hara;semonis;LERIDA;AGNOSIA;TRUE;Dircennina
Pteronymia;inania;evonia;HEWITSONI;HEWITSONI;FALSE;Dircennina
Pteronymia;inania;inania;HEWITSONI;HEWITSONI;FALSE;Dircennina
Pteronymia;inania;n. ssp. [2];THABENA-F;THABENA-F;FALSE;Dircennina
Pteronymia;latilla;barilla;HERMIAS;HERMIAS;FALSE;Dircennina
Pteronymia;latilla;fulvescens;DILUCIDA;DILUCIDA;FALSE;Dircennina
Pteronymia;latilla;latilla;DILUCIDA;DILUCIDA;FALSE;Dircennina
Pteronymia;latilla;n. ssp.;MAMERCUS;MAMERCUS;FALSE;Dircennina
Pteronymia;latilla;nigricans;PARALLELIS;PARALLELIS;FALSE;Dircennina
Pteronymia;latilla;nigricans;DILUCIDA;DILUCIDA;FALSE;Dircennina
Pteronymia;laura;;AMALDA;AMALDA;FALSE;Dircennina
Pteronymia;lonera;;EXCELSA;EXCELSA;FALSE;Dircennina
Pteronymia;medellina;medellina;HEWITSONI;AGNOSIA;TRUE;Dircennina
Pteronymia;medellina;n. ssp.;AGNOSIA;AGNOSIA;FALSE;Dircennina
Pteronymia;mariannae;chisinche;AGNOSIA;AGNOSIA;FALSE;Dircennina
Pteronymia;mariannae;mariannae;AGNOSIA;AGNOSIA;FALSE;Dircennina
Pteronymia;cuneata;;TICIDAM;HEWITSONI;TRUE;Dircennina
Pteronymia;nsp;;DILUCIDA;DILUCIDA;FALSE;Dircennina
Pteronymia;nsp1;;AGNOSIA;AGNOSIA;FALSE;Dircennina
Pteronymia;obscuratus;;POLITA;POLITA;FALSE;Dircennina
Pteronymia;olimba;n. ssp.;LIBETHRIS;LIBETHRIS;FALSE;Dircennina
Pteronymia;olimba;olimba;AGNOSIA;AGNOSIA;FALSE;Dircennina
Pteronymia;oneida;lisae;HEWITSONI;HEWITSONI;FALSE;Dircennina
Pteronymia;oneida;merida;HEWITSONI;HEWITSONI;FALSE;Dircennina
Pteronymia;oneida;n. ssp.;HEWITSONI;HEWITSONI;FALSE;Dircennina
Pteronymia;oneida;oneida;HEWITSONI;HEWITSONI;FALSE;Dircennina
Pteronymia;ozia;browni;OZIA;OZIA;FALSE;Dircennina
Pteronymia;ozia;ozia;OZIA;MESTRA;TRUE;Dircennina
Pteronymia;ozia;tanampaya;OZIA;OZIA;FALSE;Dircennina
Pteronymia;parva;;LERIDA;LERIDA;FALSE;Dircennina
Pteronymia;peteri;;AGNOSIA;AGNOSIA;FALSE;Dircennina
Pteronymia;picta;n. ssp. [2];EURIMEDIA;EURIMEDIA;FALSE;Dircennina
Pteronymia;picta;notilla;DILUCIDA;MAMERCUS;TRUE;Dircennina
Pteronymia;picta;picta;DILUCIDA;DILUCIDA;FALSE;Dircennina
Pteronymia;primula;auricula;EURIMEDIA;EURIMEDIA;FALSE;Dircennina
Pteronymia;primula;crocea;EURIMEDIA;EURIMEDIA;FALSE;Dircennina
Pteronymia;primula;primula;EURIMEDIA;EURIMEDIA;FALSE;Dircennina
Pteronymia;rufocincta;;AGNOSIA;AGNOSIA;FALSE;Dircennina
Pteronymia;sao;antisao;DOTO;DOTO;FALSE;Dircennina
Pteronymia;sao;guntheri;EURIMEDIA;EURIMEDIA;FALSE;Dircennina
Pteronymia;sao;n. ssp. [1];DOTO;DOTO;FALSE;Dircennina
Pteronymia;sao;n. ssp. [1];EURIMEDIA;EURIMEDIA;FALSE;Dircennina
Pteronymia;sao;sao;DOTO;DOTO;FALSE;Dircennina
Pteronymia;serrata;amplificata;HEWITSONI;HEWITSONI;FALSE;Dircennina
Pteronymia;serrata;n. ssp. [1];HEWITSONI;HEWITSONI;FALSE;Dircennina
Pteronymia;serrata;n. ssp. [2];PANTHYALE;PANTHYALE;FALSE;Dircennina
Pteronymia;serrata;serrata;THEUDELINDA;THEUDELINDA;FALSE;Dircennina
Pteronymia;sexpunctata;n. ssp.;AGNOSIA;AGNOSIA;FALSE;Dircennina
Pteronymia;sexpunctata;sexpunctata;AGNOSIA;AGNOSIA;FALSE;Dircennina
Pteronymia;simplex;fenochioi;AGNOSIA;AGNOSIA;FALSE;Dircennina
Pteronymia;simplex;simplex;AGNOSIA;AGNOSIA;FALSE;Dircennina
Pteronymia;simplex;timagenes;AGNOSIA;AGNOSIA;FALSE;Dircennina
Pteronymia;tamina;;OZIA;THABENA-F;TRUE;Dircennina
Pteronymia;teresita;;DILUCIDA;DILUCIDA;FALSE;Dircennina
Pteronymia;thabena;denticulata;OZIA;THABENA-F;TRUE;Dircennina
Pteronymia;thabena;thabena;OZIA;THABENA-F;TRUE;Dircennina
Pteronymia;ticida;citrina;LIBETHRIS;HEWITSONI;TRUE;Dircennina
Pteronymia;ticida;melanoptera;HEWITSONI;HEWITSONI;FALSE;Dircennina
Pteronymia;ticida;n. ssp. [1];PANTHYALE;THABENA-F;TRUE;Dircennina
Pteronymia;ticida;ticida;TICIDAM;HEWITSONI;TRUE;Dircennina
Pteronymia;ticida;yungava;OZIA;BANJANA-M;TRUE;Dircennina
Pteronymia;tucuna;;EURIMEDIA;EURIMEDIA;FALSE;Dircennina
Pteronymia;veiaEAST;brunnea;HEWITSONI;HEWITSONI;FALSE;Dircennina
Pteronymia;veiaEAST;florea;HEWITSONI;HEWITSONI;FALSE;Dircennina
Pteronymia;veiaEAST;linzera;HEWITSONI;HEWITSONI;FALSE;Dircennina
Pteronymia;luisa;n. ssp. [2];DILUCIDA;DILUCIDA;FALSE;Dircennina
Pteronymia;veiaEAST;veia;LIBETHRIS;LIBETHRIS;FALSE;Dircennina
Pteronymia;vestilla;n. ssp. [1];EURIMEDIA;EURIMEDIA;FALSE;Dircennina
Pteronymia;vestilla;n. ssp. [2];EURIMEDIA;EURIMEDIA;FALSE;Dircennina
Pteronymia;vestilla;sparsa;EURIMEDIA;EURIMEDIA;FALSE;Dircennina
Pteronymia;vestilla;ucaya;AGNOSIA;AGNOSIA;FALSE;Dircennina
Pteronymia;vestilla;vestilla;VESTILLA;VESTILLA;FALSE;Dircennina
Pteronymia;zerlina;n. ssp.;BANJANA-M;BANJANA-M;FALSE;Dircennina
Pteronymia;zerlina;nubivaga;AGNOSIA;AGNOSIA;FALSE;Dircennina
Pteronymia;zerlina;pronuba;AGNOSIA;AGNOSIA;FALSE;Dircennina
Pteronymia;zerlina;zerlina;BANJANA-M;BANJANA-M;FALSE;Dircennina
Sais;rosalia;badia;MAELUS;MAELUS;FALSE;Mechanitina
Sais;rosalia;brasiliensis;MAMERCUS;MAMERCUS;FALSE;Mechanitina
Sais;rosalia;klagesi;MAELUS;MAELUS;FALSE;Mechanitina
Sais;rosalia;mosella;DILUCIDA;DILUCIDA;FALSE;Mechanitina
Sais;rosalia;n. ssp. [1];MAMERCUS;MAMERCUS;FALSE;Mechanitina
Sais;rosalia;n. ssp. [3];MAMERCUS;MAMERCUS;FALSE;Mechanitina
Sais;rosalia;n. ssp. [4];HERMIAS;HERMIAS;FALSE;Mechanitina
Sais;rosalia;promissa;MAELUS;MAELUS;FALSE;Mechanitina
Sais;rosalia;rosalia;HERMIAS;HERMIAS;FALSE;Mechanitina
Sais;rosalia;rosalinde;MAMERCUS;MAMERCUS;FALSE;Mechanitina
Sais;rosalia;schatzi;MAMERCUS;MAMERCUS;FALSE;Mechanitina
Sais;rosalia;virchowii;DILUCIDA;DILUCIDA;FALSE;Mechanitina
Sais;rosalia;zitella;MAELUS;MAELUS;FALSE;Mechanitina
Scada;karschina;delicata;EURIMEDIA;EURIMEDIA;FALSE;Mechanitina
Scada;karschina;karschina;HEMIXANTHE;HEMIXANTHE;FALSE;Mechanitina
Scada;kusa;;EURIMEDIA;EURIMEDIA;FALSE;Mechanitina
Scada;reckia;ethica;EURIMEDIA;EURIMEDIA;FALSE;Mechanitina
Scada;reckia;junina;EURIMEDIA;EURIMEDIA;FALSE;Mechanitina
Scada;reckia;labyrintha;EURIMEDIA;EURIMEDIA;FALSE;Mechanitina
Scada;reckia;majuscula;EURIMEDIA;EURIMEDIA;FALSE;Mechanitina
Scada;reckia;n. ssp. [1];EURIMEDIA;EURIMEDIA;FALSE;Mechanitina
Scada;reckia;n. ssp. [4];EURIMEDIA;EURIMEDIA;FALSE;Mechanitina
Scada;reckia;ortygia;EURIMEDIA;EURIMEDIA;FALSE;Mechanitina
Scada;reckia;philemon;EURIMEDIA;EURIMEDIA;FALSE;Mechanitina
Scada;reckia;reckia;EURIMEDIA;EURIMEDIA;FALSE;Mechanitina
Scada;reckia;theaphia;EURIMEDIA;EURIMEDIA;FALSE;Mechanitina
Scada;zemira;;MANTINEUS;MANTINEUS;FALSE;Mechanitina
Scada;zibia;batesi;EURIMEDIA;EURIMEDIA;FALSE;Mechanitina
Scada;zibia;perpuncta;EURIMEDIA;EURIMEDIA;FALSE;Mechanitina
Scada;zibia;quotidiana;EURIMEDIA;EURIMEDIA;FALSE;Mechanitina
Scada;zibia;xanthina;EURIMEDIA;EURIMEDIA;FALSE;Mechanitina
Scada;zibia;zeroca;EURIMEDIA;EURIMEDIA;FALSE;Mechanitina
Scada;zibia;zibia;EURIMEDIA;EURIMEDIA;FALSE;Mechanitina
Thyridia;psidii;aedesia;DILUCIDA;DILUCIDA;FALSE;Mechanitina
Thyridia;psidii;cetoides;CONFUSA;CONFUSA;FALSE;Mechanitina
Thyridia;psidii;hippodamia;CONFUSA;CONFUSA;FALSE;Mechanitina
Thyridia;psidii;ino;CONFUSA;CONFUSA;FALSE;Mechanitina
Thyridia;psidii;melantho;EXCELSA;EXCELSA;FALSE;Mechanitina
Thyridia;psidii;pallida;CONFUSA;CONFUSA;FALSE;Mechanitina
Thyridia;psidii;psidii;CONFUSA;CONFUSA;FALSE;Mechanitina
Tithorea;harmonia;brunnea;ORESTES;ORESTES;FALSE;Tithoreina
Tithorea;harmonia;caissara;HERMIAS;HERMIAS;FALSE;Tithoreina
Tithorea;harmonia;cuparina;HERMIAS;HERMIAS;FALSE;Tithoreina
Tithorea;harmonia;dorada;HERMIAS;HERMIAS;FALSE;Tithoreina
Tithorea;harmonia;egaensis;MAELUS;MAELUS;FALSE;Tithoreina
Tithorea;harmonia;furia;HERMIAS;HERMIAS;FALSE;Tithoreina
Tithorea;harmonia;furina;HERMIAS;HERMIAS;FALSE;Tithoreina
Tithorea;harmonia;furina;EXCELSA;EXCELSA;FALSE;Tithoreina
Tithorea;harmonia;gilberti;HERMIAS;HERMIAS;FALSE;Tithoreina
Tithorea;harmonia;harmonia;MAMERCUS;MAMERCUS;FALSE;Tithoreina
Tithorea;harmonia;helicaon;MAMERCUS;MAMERCUS;FALSE;Tithoreina
Tithorea;harmonia;hermias;HERMIAS;HERMIAS;FALSE;Tithoreina
Tithorea;harmonia;hippothous;MAMERCUS;MAMERCUS;FALSE;Tithoreina
Tithorea;harmonia;irene;EXCELSA;EXCELSA;FALSE;Tithoreina
Tithorea;harmonia;lateflava;MAMERCUS;MAMERCUS;FALSE;Tithoreina
Tithorea;harmonia;manabiana;HERMIAS;HERMIAS;FALSE;Tithoreina
Tithorea;harmonia;martina;MAELUS;MAELUS;FALSE;Tithoreina
Tithorea;harmonia;martina;MAMERCUS;MAMERCUS;FALSE;Tithoreina
Tithorea;harmonia;martina;HERMIAS;HERMIAS;FALSE;Tithoreina
Tithorea;harmonia;megara;HERMIAS;HERMIAS;FALSE;Tithoreina
Tithorea;harmonia;melanina;ORESTES;ORESTES;FALSE;Tithoreina
Tithorea;harmonia;n. ssp. [1];HERMIAS;HERMIAS;FALSE;Tithoreina
Tithorea;harmonia;neitha;HERMIAS;HERMIAS;FALSE;Tithoreina
Tithorea;harmonia;pseudethra;HERMIAS;HERMIAS;FALSE;Tithoreina
Tithorea;harmonia;pseudonyma;MAMERCUS;MAMERCUS;FALSE;Tithoreina
Tithorea;harmonia;salvadoris;MAMERCUS;MAMERCUS;FALSE;Tithoreina
Tithorea;pacifica;concordia;EXCELSA;EXCELSA;FALSE;Tithoreina
Tithorea;pacifica;euphonia;EXCELSA;EXCELSA;FALSE;Tithoreina
Tithorea;pacifica;pacifica;HERMIAS;HERMIAS;FALSE;Tithoreina
Tithorea;tarricina;bonita;EXCELSA;EXCELSA;FALSE;Tithoreina
Tithorea;tarricina;duenna;MAMERCUS;MAMERCUS;FALSE;Tithoreina
Tithorea;tarricina;franciscoi;EXCELSA;EXCELSA;FALSE;Tithoreina
Tithorea;tarricina;hecalesina;EXCELSA;EXCELSA;FALSE;Tithoreina
Tithorea;tarricina;lecromi;EXCELSA;EXCELSA;FALSE;Tithoreina
Tithorea;tarricina;n. ssp.;EXCELSA;EXCELSA;FALSE;Tithoreina
Tithorea;tarricina;parola;EXCELSA;EXCELSA;FALSE;Tithoreina
Tithorea;tarricina;pinthias;EXCELSA;EXCELSA;FALSE;Tithoreina
Tithorea;tarricina;tagarma;EXCELSA;EXCELSA;FALSE;Tithoreina
Tithorea;tarricina;tarricina;EXCELSA;EXCELSA;FALSE;Tithoreina
Veladyris;cytharista;cytharista;THABENA-F;THABENA-F;FALSE;Godyridina
Veladyris;cytharista;n. ssp.;PANTHYALE;PANTHYALE;FALSE;Godyridina
Veladyris;electrea;electrea;PANTHYALE;PANTHYALE;FALSE;Godyridina
Veladyris;electrea;n. ssp. [1];PANTHYALE;PANTHYALE;FALSE;Godyridina
Veladyris;electrea;n. ssp. [2];PANTHYALE;PANTHYALE;FALSE;Godyridina
Veladyris;nsp;;HEWITSONI;HEWITSONI;FALSE;Godyridina
Veladyris;pardalis;aurea;THEUDELINDA;THEUDELINDA;FALSE;Godyridina
Veladyris;pardalis;christina;PANTHYALE;PANTHYALE;FALSE;Godyridina
Veladyris;pardalis;pardalis;THEUDELINDA;THEUDELINDA;FALSE;Godyridina
Veladyris;pardalis;totumbra;HEWITSONI;HEWITSONI;FALSE;Godyridina
Velamysta;nsp;;PANTHYALE;PANTHYALE;FALSE;Godyridina
Velamysta;desmondi;;AGNOSIA;AGNOSIA;FALSE;Godyridina
Velamysta;peninna;n. ssp.;PANTHYALE;PANTHYALE;FALSE;Godyridina
Velamysta;peninna;peninna;BANJANA-M;SUSIANA;TRUE;Godyridina
Velamysta;phengites;n. ssp. [1];PANTHYALE;PANTHYALE;FALSE;Godyridina
Velamysta;phengites;n. ssp. [2];BANJANA-M;BANJANA-M;FALSE;Godyridina
Velamysta;phengites;n. ssp. [3];PANTHYALE;PANTHYALE;FALSE;Godyridina
Velamysta;phengites;phengites;PANTHYALE;PANTHYALE;FALSE;Godyridina
Velamysta;pupilla;cruxifera;THEUDELINDA;THEUDELINDA;FALSE;Godyridina
Velamysta;pupilla;greeneyi;THEUDELINDA;THEUDELINDA;FALSE;Godyridina
Velamysta;pupilla;pupilla;PANTHYALE;PANTHYALE;FALSE;Godyridina
Aeria;eurimedia;;EURIMEDIA;EURIMEDIA;FALSE;Tithoreina
Brevioleria;arzalia;ssp.;AURELIANA;AURELIANA;FALSE;Godyridina
Brevioleria;arzalia;ssp.n.;AURELIANA;AURELIANA;FALSE;Godyridina
Brevioleria;arzalia;;AGNOSIA;AGNOSIA;FALSE;Godyridina
Brevioleria;seba;ssp2;AGNOSIA;AGNOSIA;FALSE;Godyridina
Ceratinia;poecila;;MAELUS;MAELUS;FALSE;Dircennina
Ceratinia;poecila;ssp8;MAMERCUS;MAMERCUS;FALSE;Dircennina
Ceratinia;tutia;ssp6;HERMIAS;HERMIAS;FALSE;Dircennina
Dircenna;dero;ssp2;CONFUSA;CONFUSA;FALSE;Dircennina
Dircenna;loreta;;CONFUSA;CONFUSA;FALSE;Dircennina
Episcada;clausina;cabenis;LIBETHRIS;LIBETHRIS;FALSE;Dircennina
Episcada;sulphurea;ssp.n.;EURIMEDIA;EURIMEDIA;FALSE;Dircennina
Episcada;sulphurea;ssp.n.1;EURIMEDIA;EURIMEDIA;FALSE;Dircennina
Episcada;sulphurea;;EURIMEDIA;EURIMEDIA;FALSE;Dircennina
Godyris;crinippa;ssp.n.;PANTHYALE;PANTHYALE;FALSE;Godyridina
Godyris;dircenna;ssp.n.;CONFUSA;CONFUSA;FALSE;Godyridina
Godyris;zavaleta;srnkai;EURIMEDIA;EURIMEDIA;FALSE;Godyridina
Godyris;zavaleta;ssp.n.;EURIMEDIA;EURIMEDIA;FALSE;Godyridina
Godyris;zavaleta;ssp.n.4;EURIMEDIA;EURIMEDIA;FALSE;Godyridina
Godyris;zavaleta;;EURIMEDIA;EURIMEDIA;FALSE;Godyridina
Hypomenitis;ortygia;pyrczy;PANTHYALE;PANTHYALE;FALSE;Godyridina
Genus2;andromica;dania;AGNOSIA;AGNOSIA;FALSE;Godyridina
Genus2;andromica;;AGNOSIA;AGNOSIA;FALSE;Godyridina
Hypomenitis;libethris;;LIBETHRIS;LIBETHRIS;FALSE;Godyridina
Hyalenna;buckleyi;;PANTHYALE;PANTHYALE;FALSE;Dircennina
Hyalyris;juninensis;;EURIMEDIA;EURIMEDIA;FALSE;Napeogenina
Hyalyris;oulita;ssp2;DUESSA;DUESSA;FALSE;Napeogenina
Hypoleria;lavinia;chrysodonia;AURELIANA;AURELIANA;FALSE;Godyridina
Hypoleria;sarepta;ssp.?;AGNOSIA;AGNOSIA;FALSE;Godyridina
Hypoleria;sarepta;;AGNOSIA;AGNOSIA;FALSE;Godyridina
Hyposcada;anchiala;ca.interrupta;ORESTES;ORESTES;FALSE;Oleriina
Hyposcada;illinissa;ssp6;AURELIANA;AURELIANA;FALSE;Oleriina
Hyposcada;taliata;ssp.n.;BANJANA-M;BANJANA-M;FALSE;Oleriina
Hypothyris;euclea;ssp2;HERMIAS;HERMIAS;FALSE;Napeogenina
Hypothyris;mamercus;;MAMERCUS;MAMERCUS;FALSE;Napeogenina
Hypothyris;mansuetus;cf.mansuetus;MAMERCUS;MAMERCUS;FALSE;Napeogenina
Hypothyris;ninonia;ssp1;HERMIAS;HERMIAS;FALSE;Napeogenina
Hypothyris;ninonia;;HERMIAS;HERMIAS;FALSE;Napeogenina
Hypothyris;semifulva;cf.pallisteri;MAMERCUS;MAMERCUS;FALSE;Napeogenina
Ithomia;agnosia;;AGNOSIA;AGNOSIA;FALSE;Ithomiina
Ithomia;agnosia;;LERIDA;LERIDA;FALSE;Ithomiina
Ithomia;lagusa;peruana;DILUCIDA;DILUCIDA;FALSE;Ithomiina
Ithomia;lichyi;;LERIDA;LERIDA;FALSE;Ithomiina
Ithomia;praeithomia;ssp.n.?;BANJANA-M;BANJANA-M;FALSE;Ithomiina
Ithomia;terra;spn;AGNOSIA;AGNOSIA;FALSE;Ithomiina
Ithomia;terra;;AGNOSIA;AGNOSIA;FALSE;Ithomiina
Mechanitis;menapis;roqueensis;MAMERCUS;MAMERCUS;FALSE;Mechanitina
Mechanitis;menapis;mantineus;MANTINEUS;MANTINEUS;FALSE;Mechanitina
Mechanitis;mazaeus;proceriformes;HERMIAS;HERMIAS;FALSE;Mechanitina
Mechanitis;polymnia;;HERMIAS;HERMIAS;FALSE;Mechanitina
Melinaea;ludovica;crameri;HERMIAS;HERMIAS;FALSE;Melinaeina
Melinaea;ludovica;;HERMIAS;HERMIAS;FALSE;Melinaeina
Melinaea;menophilus;ssp1;MAMERCUS;MAMERCUS;FALSE;Melinaeina
Methona;confusa;;CONFUSA;CONFUSA;FALSE;Methonina
Methona;grandior;ssp.n.;CONFUSA;CONFUSA;FALSE;Methonina
Methona;grandior;;CONFUSA;CONFUSA;FALSE;Methonina
Napeogenes;flossina;ssp2;PANTHYALE;PANTHYALE;FALSE;Napeogenina
Napeogenes;harbona;pomacocha;PANTHYALE;PANTHYALE;FALSE;Napeogenina
Napeogenes;larina;otaxes;HERMIAS;HERMIAS;FALSE;Napeogenina
Oleria;alexina;didymaea;AGNOSIA;AGNOSIA;FALSE;Oleriina
Oleria;assimilis;ssp3;LERIDA;LERIDA;FALSE;Oleriina
Oleria;athalina;ssp2;HEWITSONI;HEWITSONI;FALSE;Oleriina
Oleria;attalia;ssp;SUSIANA;SUSIANA;FALSE;Oleriina
Oleria;didymaea;ssp3;AGNOSIA;AGNOSIA;FALSE;Oleriina
Oleria;estella;ssp.n.;AGNOSIA;AGNOSIA;FALSE;Oleriina
Oleria;onega;ssp2;LERIDA;LERIDA;FALSE;Oleriina
Oleria;onega;ssp.n.;AURELIANA;AURELIANA;FALSE;Oleriina
Oleria;onega;;AURELIANA;AURELIANA;FALSE;Oleriina
Oleria;padilla;ssp1;AGNOSIA;AGNOSIA;FALSE;Oleriina
Oleria;tigilla;ssp1;AGNOSIA;AGNOSIA;FALSE;Oleriina
Paititia;neglecta;;CONFUSA;CONFUSA;FALSE;Melinaeina
Pteronymia;gertschi;sexpunctata;OZIA;OZIA;FALSE;Dircennina
Pteronymia;teresita;denticulata;DILUCIDA;DILUCIDA;FALSE;Dircennina
Pteronymia;tucuna;tucuna;EURIMEDIA;EURIMEDIA;FALSE;Dircennina
Pteronymia;vestilla;ssp2;EURIMEDIA;EURIMEDIA;FALSE;Dircennina
Aeria;olena;ssp.;EURIMEDIA;EURIMEDIA;FALSE;Tithoreina
Brevioleria;plisthenes;;LERIDA;LERIDA;FALSE;Godyridina
Brevioleria;seba;emyra;LERIDA;LERIDA;FALSE;Godyridina
Brevioleria;nsp1;;LERIDA;LERIDA;FALSE;Godyridina
Hyalyris;leptalina;;HEMIXANTHE;HEMIXANTHE;FALSE;Napeogenina
Hypoleria;adasa;;LERIDA;LERIDA;FALSE;Godyridina
Mcclungia;cymo;fallens;EURIMEDIA;EURIMEDIA;FALSE;Godyridina
Hypothyris;leprieuri;;HERMIAS;HERMIAS;FALSE;Napeogenina
Hypothyris;ninonia;evanescens;LYSIMNIA;LYSIMNIA;FALSE;Napeogenina
Melinaea;ludovica;parayia;HERMIAS;HERMIAS;FALSE;Melinaeina
Methona;themisto;;CONFUSA;CONFUSA;FALSE;Methonina
Oleria;astrea;;LERIDA;LERIDA;FALSE;Oleriina
Pseudoscada;acilla;acilla;LERIDA;LERIDA;FALSE;Godyridina
Scada;reckia;;EURIMEDIA;EURIMEDIA;FALSE;Mechanitina
